,pedido,filial,cidade,tipo_cliente,genero,linha_produto,preco_unitario,quantidade,imposto_5%,valor_total,data_venda,hora_venda,forma_pagamento,custo_mercadoria,margem_bruta_percentual,receita_bruto,avaliação,dia_da_semana
0,750-67-8428,ALEX,YANGON,MEMBER,FEMALE,HEALTH AND BEAUTY,74.69,7,26.1415,548.9715,2019-01-05,13:08:00,EWALLET,522.83,4.761904762,26.1415,9.1,Sábado
1,226-31-3081,GIZA,NAYPYITAW,NORMAL,FEMALE,ELECTRONIC ACCESSORIES,15.28,5,3.82,80.22,2019-03-08,10:29:00,CASH,76.4,4.761904762,3.82,9.6,Sexta-feira
2,631-41-3108,ALEX,YANGON,NORMAL,FEMALE,HOME AND LIFESTYLE,46.33,7,16.2155,340.5255,2019-03-03,13:23:00,CREDIT CARD,324.31,4.761904762,16.2155,7.4,Domingo
3,123-19-1176,ALEX,YANGON,MEMBER,FEMALE,HEALTH AND BEAUTY,58.22,8,23.288,489.048,2019-01-27,20:33:00,EWALLET,465.76,4.761904762,23.288,8.4,Domingo
4,373-73-7910,ALEX,YANGON,MEMBER,FEMALE,SPORTS AND TRAVEL,86.31,7,30.2085,634.3785,2019-02-08,10:37:00,EWALLET,604.17,4.761904762,30.2085,5.3,Sexta-feira
5,699-14-3026,GIZA,NAYPYITAW,MEMBER,FEMALE,ELECTRONIC ACCESSORIES,85.39,7,29.8865,627.6165,2019-03-25,18:30:00,EWALLET,597.73,4.761904762,29.8865,4.1,Segunda-feira
6,355-53-5943,ALEX,YANGON,MEMBER,FEMALE,ELECTRONIC ACCESSORIES,68.84,6,20.652,433.692,2019-02-25,14:36:00,EWALLET,413.04,4.761904762,20.652,5.8,Segunda-feira
7,315-22-5665,GIZA,NAYPYITAW,MEMBER,FEMALE,HOME AND LIFESTYLE,73.56,10,36.78,772.38,2019-02-24,11:38:00,EWALLET,735.6,4.761904762,36.78,8.0,Domingo
8,665-32-9167,ALEX,YANGON,MEMBER,FEMALE,HEALTH AND BEAUTY,36.26,2,3.626,76.146,2019-01-10,17:15:00,CREDIT CARD,72.52,4.761904762,3.626,7.2,Quinta-feira
9,692-92-5582,CAIRO,MANDALAY,MEMBER,FEMALE,FOOD AND BEVERAGES,54.84,3,8.226,172.746,2019-02-20,13:27:00,CREDIT CARD,164.52,4.761904762,8.226,5.9,Quarta-feira
10,351-62-0822,CAIRO,MANDALAY,MEMBER,FEMALE,FASHION ACCESSORIES,14.48,4,2.896,60.816,2019-02-06,18:07:00,EWALLET,57.92,4.761904762,2.896,4.5,Quarta-feira
11,529-56-3974,CAIRO,MANDALAY,MEMBER,FEMALE,ELECTRONIC ACCESSORIES,25.51,4,5.102,107.142,2019-03-09,17:03:00,CASH,102.04,4.761904762,5.102,6.8,Sábado
12,365-64-0515,ALEX,YANGON,MEMBER,FEMALE,ELECTRONIC ACCESSORIES,46.95,5,11.7375,246.4875,2019-02-12,10:25:00,EWALLET,234.75,4.761904762,11.7375,7.1,Terça-feira
13,252-56-2699,ALEX,YANGON,MEMBER,FEMALE,FOOD AND BEVERAGES,43.19,10,21.595,453.495,2019-02-07,16:48:00,EWALLET,431.9,4.761904762,21.595,8.2,Quinta-feira
14,829-34-3910,ALEX,YANGON,MEMBER,FEMALE,HEALTH AND BEAUTY,71.38,10,35.69,749.49,2019-03-29,19:21:00,CASH,713.8,4.761904762,35.69,5.7,Sexta-feira
15,299-46-1805,CAIRO,MANDALAY,MEMBER,FEMALE,SPORTS AND TRAVEL,93.72,6,28.116,590.436,2019-01-15,16:19:00,CASH,562.32,4.761904762,28.116,4.5,Terça-feira
16,656-95-9349,ALEX,YANGON,MEMBER,FEMALE,HEALTH AND BEAUTY,68.93,7,24.1255,506.6355,2019-03-11,11:03:00,CREDIT CARD,482.51,4.761904762,24.1255,4.6,Segunda-feira
17,765-26-6951,ALEX,YANGON,MEMBER,FEMALE,SPORTS AND TRAVEL,72.61,6,21.783,457.443,2019-01-01,10:39:00,CREDIT CARD,435.66,4.761904762,21.783,6.9,Terça-feira
18,329-62-1586,ALEX,YANGON,MEMBER,FEMALE,FOOD AND BEVERAGES,54.67,3,8.2005,172.2105,2019-01-21,18:00:00,CREDIT CARD,164.01,4.761904762,8.2005,8.6,Segunda-feira
19,319-50-3348,CAIRO,MANDALAY,MEMBER,FEMALE,HOME AND LIFESTYLE,40.3,2,4.03,84.63,2019-03-11,15:30:00,EWALLET,80.6,4.761904762,4.03,4.4,Segunda-feira
20,300-71-4605,GIZA,NAYPYITAW,MEMBER,FEMALE,ELECTRONIC ACCESSORIES,86.04,5,21.51,451.71,2019-02-25,11:24:00,EWALLET,430.2,4.761904762,21.51,4.8,Segunda-feira
21,371-85-5789,CAIRO,MANDALAY,MEMBER,FEMALE,HEALTH AND BEAUTY,87.98,3,13.197,277.137,2019-03-05,10:40:00,EWALLET,263.94,4.761904762,13.197,5.1,Terça-feira
22,273-16-6619,CAIRO,MANDALAY,MEMBER,FEMALE,HOME AND LIFESTYLE,33.2,2,3.32,69.72,2019-03-15,12:20:00,CREDIT CARD,66.4,4.761904762,3.32,4.4,Sexta-feira
23,636-48-8204,ALEX,YANGON,MEMBER,FEMALE,ELECTRONIC ACCESSORIES,34.56,5,8.64,181.44,2019-02-17,11:15:00,EWALLET,172.8,4.761904762,8.64,9.9,Domingo
24,549-59-1358,ALEX,YANGON,MEMBER,FEMALE,SPORTS AND TRAVEL,88.63,3,13.2945,279.1845,2019-03-02,17:36:00,EWALLET,265.89,4.761904762,13.2945,6.0,Sábado
25,227-03-5010,ALEX,YANGON,MEMBER,FEMALE,HOME AND LIFESTYLE,52.59,8,21.036,441.756,2019-03-22,19:20:00,CREDIT CARD,420.72,4.761904762,21.036,8.5,Sexta-feira
26,649-29-6775,CAIRO,MANDALAY,MEMBER,FEMALE,FASHION ACCESSORIES,33.52,1,1.676,35.196,2019-02-08,15:31:00,CASH,33.52,4.761904762,1.676,6.7,Sexta-feira
27,189-17-4241,ALEX,YANGON,MEMBER,FEMALE,FASHION ACCESSORIES,87.67,2,8.767,184.107,2019-03-10,12:17:00,CREDIT CARD,175.34,4.761904762,8.767,7.7,Domingo
28,145-94-9061,CAIRO,MANDALAY,MEMBER,FEMALE,FOOD AND BEVERAGES,88.36,5,22.09,463.89,2019-01-25,19:48:00,CASH,441.8,4.761904762,22.09,9.6,Sexta-feira
29,848-62-7243,ALEX,YANGON,MEMBER,FEMALE,HEALTH AND BEAUTY,24.89,9,11.2005,235.2105,2019-03-15,15:36:00,CASH,224.01,4.761904762,11.2005,7.4,Sexta-feira
30,871-79-8483,CAIRO,MANDALAY,MEMBER,FEMALE,FASHION ACCESSORIES,94.13,5,23.5325,494.1825,2019-02-25,19:39:00,CREDIT CARD,470.65,4.761904762,23.5325,4.8,Segunda-feira
31,149-71-6266,CAIRO,MANDALAY,MEMBER,FEMALE,SPORTS AND TRAVEL,78.07,9,35.1315,737.7615,2019-01-28,12:43:00,CASH,702.63,4.761904762,35.1315,4.5,Segunda-feira
32,640-49-2076,CAIRO,MANDALAY,MEMBER,FEMALE,SPORTS AND TRAVEL,83.78,8,33.512,703.752,2019-01-10,14:49:00,CASH,670.24,4.761904762,33.512,5.1,Quinta-feira
33,595-11-5460,ALEX,YANGON,MEMBER,FEMALE,HEALTH AND BEAUTY,96.58,2,9.658,202.818,2019-03-15,10:12:00,CREDIT CARD,193.16,4.761904762,9.658,5.1,Sexta-feira
34,183-56-6882,GIZA,NAYPYITAW,MEMBER,FEMALE,FOOD AND BEVERAGES,99.42,4,19.884,417.564,2019-02-06,10:42:00,EWALLET,397.68,4.761904762,19.884,7.5,Quarta-feira
35,232-16-2483,GIZA,NAYPYITAW,MEMBER,FEMALE,SPORTS AND TRAVEL,68.12,1,3.406,71.526,2019-01-07,12:28:00,EWALLET,68.12,4.761904762,3.406,6.8,Segunda-feira
36,129-29-8530,ALEX,YANGON,MEMBER,FEMALE,SPORTS AND TRAVEL,62.62,5,15.655,328.755,2019-03-10,19:15:00,EWALLET,313.1,4.761904762,15.655,7.0,Domingo
37,272-65-1806,ALEX,YANGON,MEMBER,FEMALE,ELECTRONIC ACCESSORIES,60.88,9,27.396,575.316,2019-01-15,17:17:00,EWALLET,547.92,4.761904762,27.396,4.7,Terça-feira
38,333-73-7901,GIZA,NAYPYITAW,MEMBER,FEMALE,HEALTH AND BEAUTY,54.92,8,21.968,461.328,2019-03-23,13:24:00,EWALLET,439.36,4.761904762,21.968,7.6,Sábado
39,777-82-7220,CAIRO,MANDALAY,MEMBER,FEMALE,HOME AND LIFESTYLE,30.12,8,12.048,253.008,2019-03-03,13:01:00,CASH,240.96,4.761904762,12.048,7.7,Domingo
40,280-35-5823,CAIRO,MANDALAY,MEMBER,FEMALE,HOME AND LIFESTYLE,86.72,1,4.336,91.056,2019-01-17,18:45:00,EWALLET,86.72,4.761904762,4.336,7.9,Quinta-feira
41,554-53-8700,GIZA,NAYPYITAW,MEMBER,FEMALE,HOME AND LIFESTYLE,56.11,2,5.611,117.831,2019-02-02,10:11:00,CASH,112.22,4.761904762,5.611,6.3,Sábado
42,354-25-5821,CAIRO,MANDALAY,MEMBER,FEMALE,SPORTS AND TRAVEL,69.12,6,20.736,435.456,2019-02-08,13:03:00,CASH,414.72,4.761904762,20.736,5.6,Sexta-feira
43,228-96-1411,GIZA,NAYPYITAW,MEMBER,FEMALE,FOOD AND BEVERAGES,98.7,8,39.48,829.08,2019-03-04,20:39:00,CASH,789.6,4.761904762,39.48,7.6,Segunda-feira
44,617-15-4209,GIZA,NAYPYITAW,MEMBER,FEMALE,HEALTH AND BEAUTY,15.37,2,1.537,32.277,2019-03-16,19:47:00,CASH,30.74,4.761904762,1.537,7.2,Sábado
45,132-32-9879,CAIRO,MANDALAY,MEMBER,FEMALE,ELECTRONIC ACCESSORIES,93.96,4,18.792,394.632,2019-03-09,18:00:00,CASH,375.84,4.761904762,18.792,9.5,Sábado
46,370-41-7321,CAIRO,MANDALAY,MEMBER,FEMALE,HEALTH AND BEAUTY,56.69,9,25.5105,535.7205,2019-02-27,17:24:00,CREDIT CARD,510.21,4.761904762,25.5105,8.4,Quarta-feira
47,727-46-3608,CAIRO,MANDALAY,MEMBER,FEMALE,FOOD AND BEVERAGES,20.01,9,9.0045,189.0945,2019-02-06,15:47:00,EWALLET,180.09,4.761904762,9.0045,4.1,Quarta-feira
48,669-54-1719,CAIRO,MANDALAY,MEMBER,FEMALE,ELECTRONIC ACCESSORIES,18.93,6,5.679,119.259,2019-02-10,12:45:00,CREDIT CARD,113.58,4.761904762,5.679,8.1,Domingo
49,574-22-5561,GIZA,NAYPYITAW,MEMBER,FEMALE,FASHION ACCESSORIES,82.63,10,41.315,867.615,2019-03-19,17:08:00,EWALLET,826.3,4.761904762,41.315,7.9,Terça-feira
50,326-78-5178,GIZA,NAYPYITAW,MEMBER,FEMALE,FOOD AND BEVERAGES,91.4,7,31.99,671.79,2019-02-03,10:19:00,CASH,639.8,4.761904762,31.99,9.5,Domingo
51,162-48-8011,ALEX,YANGON,MEMBER,FEMALE,FOOD AND BEVERAGES,44.59,5,11.1475,234.0975,2019-02-10,15:10:00,CASH,222.95,4.761904762,11.1475,8.5,Domingo
52,616-24-2851,CAIRO,MANDALAY,MEMBER,FEMALE,FASHION ACCESSORIES,17.87,4,3.574,75.054,2019-03-22,14:42:00,EWALLET,71.48,4.761904762,3.574,6.5,Sexta-feira
53,778-71-5554,GIZA,NAYPYITAW,MEMBER,FEMALE,FASHION ACCESSORIES,15.43,1,0.7715,16.2015,2019-01-25,15:46:00,CREDIT CARD,15.43,4.761904762,0.7715,6.1,Sexta-feira
54,242-55-6721,CAIRO,MANDALAY,MEMBER,FEMALE,HOME AND LIFESTYLE,16.16,2,1.616,33.936,2019-03-07,11:49:00,EWALLET,32.32,4.761904762,1.616,6.5,Quinta-feira
55,399-46-5918,GIZA,NAYPYITAW,MEMBER,FEMALE,ELECTRONIC ACCESSORIES,85.98,8,34.392,722.232,2019-02-28,19:01:00,CASH,687.84,4.761904762,34.392,8.2,Quinta-feira
56,106-35-6779,ALEX,YANGON,MEMBER,FEMALE,HOME AND LIFESTYLE,44.34,2,4.434,93.114,2019-03-27,11:26:00,CASH,88.68,4.761904762,4.434,5.8,Quarta-feira
57,635-40-6220,ALEX,YANGON,MEMBER,FEMALE,HEALTH AND BEAUTY,89.6,8,35.84,752.64,2019-02-07,11:28:00,EWALLET,716.8,4.761904762,35.84,6.6,Quinta-feira
58,817-48-8732,ALEX,YANGON,MEMBER,FEMALE,HOME AND LIFESTYLE,72.35,10,36.175,759.675,2019-01-20,15:55:00,CASH,723.5,4.761904762,36.175,5.4,Domingo
59,120-06-4233,GIZA,NAYPYITAW,MEMBER,FEMALE,ELECTRONIC ACCESSORIES,30.61,6,9.183,192.843,2019-03-12,20:36:00,CASH,183.66,4.761904762,9.183,9.3,Terça-feira
60,285-68-5083,GIZA,NAYPYITAW,MEMBER,FEMALE,SPORTS AND TRAVEL,24.74,3,3.711,77.931,2019-02-15,17:47:00,CREDIT CARD,74.22,4.761904762,3.711,10.0,Sexta-feira
61,803-83-5989,GIZA,NAYPYITAW,MEMBER,FEMALE,HOME AND LIFESTYLE,55.73,6,16.719,351.099,2019-02-24,10:55:00,EWALLET,334.38,4.761904762,16.719,7.0,Domingo
62,347-34-2234,CAIRO,MANDALAY,MEMBER,FEMALE,SPORTS AND TRAVEL,55.07,9,24.7815,520.4115,2019-02-03,13:40:00,EWALLET,495.63,4.761904762,24.7815,10.0,Domingo
63,199-75-8169,ALEX,YANGON,MEMBER,FEMALE,SPORTS AND TRAVEL,15.81,10,7.905,166.005,2019-03-06,12:27:00,CREDIT CARD,158.1,4.761904762,7.905,8.6,Quarta-feira
64,853-23-2453,CAIRO,MANDALAY,MEMBER,FEMALE,HEALTH AND BEAUTY,75.74,4,15.148,318.108,2019-02-14,14:35:00,CASH,302.96,4.761904762,15.148,7.6,Quinta-feira
65,877-22-3308,ALEX,YANGON,MEMBER,FEMALE,HEALTH AND BEAUTY,15.87,10,7.935,166.635,2019-03-13,16:40:00,CASH,158.7,4.761904762,7.935,5.8,Quarta-feira
66,838-78-4295,GIZA,NAYPYITAW,MEMBER,FEMALE,HEALTH AND BEAUTY,33.47,2,3.347,70.287,2019-02-10,15:43:00,EWALLET,66.94,4.761904762,3.347,6.7,Domingo
67,109-28-2512,CAIRO,MANDALAY,MEMBER,FEMALE,FASHION ACCESSORIES,97.61,6,29.283,614.943,2019-01-07,15:01:00,EWALLET,585.66,4.761904762,29.283,9.9,Segunda-feira
68,232-11-3025,ALEX,YANGON,MEMBER,FEMALE,SPORTS AND TRAVEL,78.77,10,39.385,827.085,2019-01-24,10:04:00,CASH,787.7,4.761904762,39.385,6.4,Quinta-feira
69,382-03-4532,ALEX,YANGON,MEMBER,FEMALE,HEALTH AND BEAUTY,18.33,1,0.9165,19.2465,2019-02-02,18:50:00,CASH,18.33,4.761904762,0.9165,4.3,Sábado
70,393-65-2792,GIZA,NAYPYITAW,MEMBER,FEMALE,FOOD AND BEVERAGES,89.48,10,44.74,939.54,2019-01-06,12:46:00,CREDIT CARD,894.8,4.761904762,44.74,9.6,Domingo
71,796-12-2025,GIZA,NAYPYITAW,MEMBER,FEMALE,FASHION ACCESSORIES,62.12,10,31.06,652.26,2019-02-11,16:19:00,CASH,621.2,4.761904762,31.06,5.9,Segunda-feira
72,510-95-6347,CAIRO,MANDALAY,MEMBER,FEMALE,FOOD AND BEVERAGES,48.52,3,7.278,152.838,2019-03-05,18:17:00,EWALLET,145.56,4.761904762,7.278,4.0,Terça-feira
73,841-35-6630,GIZA,NAYPYITAW,MEMBER,FEMALE,ELECTRONIC ACCESSORIES,75.91,6,22.773,478.233,2019-03-09,18:21:00,CASH,455.46,4.761904762,22.773,8.7,Sábado
74,287-21-9091,ALEX,YANGON,MEMBER,FEMALE,HOME AND LIFESTYLE,74.67,9,33.6015,705.6315,2019-01-22,10:55:00,EWALLET,672.03,4.761904762,33.6015,9.4,Terça-feira
75,732-94-0499,GIZA,NAYPYITAW,MEMBER,FEMALE,ELECTRONIC ACCESSORIES,41.65,10,20.825,437.325,2019-01-13,17:04:00,CREDIT CARD,416.5,4.761904762,20.825,5.4,Domingo
76,263-10-3913,GIZA,NAYPYITAW,MEMBER,FEMALE,FASHION ACCESSORIES,49.04,9,22.068,463.428,2019-01-09,14:20:00,CREDIT CARD,441.36,4.761904762,22.068,8.6,Quarta-feira
77,381-20-0914,ALEX,YANGON,MEMBER,FEMALE,FASHION ACCESSORIES,20.01,9,9.0045,189.0945,2019-01-12,15:48:00,CREDIT CARD,180.09,4.761904762,9.0045,5.7,Sábado
78,829-49-1914,GIZA,NAYPYITAW,MEMBER,FEMALE,FOOD AND BEVERAGES,78.31,10,39.155,822.255,2019-03-05,16:24:00,EWALLET,783.1,4.761904762,39.155,6.6,Terça-feira
79,756-01-7507,GIZA,NAYPYITAW,MEMBER,FEMALE,HEALTH AND BEAUTY,20.38,5,5.095,106.995,2019-01-22,18:56:00,CASH,101.9,4.761904762,5.095,6.0,Terça-feira
80,870-72-4431,GIZA,NAYPYITAW,MEMBER,FEMALE,HEALTH AND BEAUTY,99.19,6,29.757,624.897,2019-01-21,14:42:00,CREDIT CARD,595.14,4.761904762,29.757,5.5,Segunda-feira
81,847-38-7188,CAIRO,MANDALAY,MEMBER,FEMALE,FOOD AND BEVERAGES,96.68,3,14.502,304.542,2019-01-26,19:56:00,EWALLET,290.04,4.761904762,14.502,6.4,Sábado
82,480-63-2856,GIZA,NAYPYITAW,MEMBER,FEMALE,FOOD AND BEVERAGES,19.25,8,7.7,161.7,2019-01-23,18:37:00,EWALLET,154.0,4.761904762,7.7,6.6,Quarta-feira
83,787-56-0757,GIZA,NAYPYITAW,MEMBER,FEMALE,FOOD AND BEVERAGES,80.36,4,16.072,337.512,2019-02-23,18:45:00,CREDIT CARD,321.44,4.761904762,16.072,8.3,Sábado
84,360-39-5055,GIZA,NAYPYITAW,MEMBER,FEMALE,SPORTS AND TRAVEL,48.91,5,12.2275,256.7775,2019-03-09,10:17:00,CASH,244.55,4.761904762,12.2275,6.6,Sábado
85,730-50-9884,GIZA,NAYPYITAW,MEMBER,FEMALE,SPORTS AND TRAVEL,83.06,7,29.071,610.491,2019-03-05,14:31:00,EWALLET,581.42,4.761904762,29.071,4.0,Terça-feira
86,362-58-8315,GIZA,NAYPYITAW,MEMBER,FEMALE,FASHION ACCESSORIES,76.52,5,19.13,401.73,2019-03-25,10:23:00,CASH,382.6,4.761904762,19.13,9.9,Segunda-feira
87,633-44-8566,ALEX,YANGON,MEMBER,FEMALE,FOOD AND BEVERAGES,49.38,7,17.283,362.943,2019-03-27,20:35:00,CREDIT CARD,345.66,4.761904762,17.283,7.3,Quarta-feira
88,504-35-8843,ALEX,YANGON,MEMBER,FEMALE,SPORTS AND TRAVEL,42.47,1,2.1235,44.5935,2019-01-02,16:57:00,CASH,42.47,4.761904762,2.1235,5.7,Quarta-feira
89,318-68-5053,CAIRO,MANDALAY,MEMBER,FEMALE,HEALTH AND BEAUTY,76.99,6,23.097,485.037,2019-02-27,17:55:00,CASH,461.94,4.761904762,23.097,6.1,Quarta-feira
90,565-80-5980,GIZA,NAYPYITAW,MEMBER,FEMALE,HOME AND LIFESTYLE,47.38,4,9.476,198.996,2019-01-23,10:25:00,CASH,189.52,4.761904762,9.476,7.1,Quarta-feira
91,225-32-0908,GIZA,NAYPYITAW,MEMBER,FEMALE,SPORTS AND TRAVEL,44.86,10,22.43,471.03,2019-01-26,19:54:00,EWALLET,448.6,4.761904762,22.43,8.2,Sábado
92,873-51-0671,ALEX,YANGON,MEMBER,FEMALE,SPORTS AND TRAVEL,21.98,7,7.693,161.553,2019-01-10,16:42:00,EWALLET,153.86,4.761904762,7.693,5.1,Quinta-feira
93,152-08-9985,CAIRO,MANDALAY,MEMBER,FEMALE,HEALTH AND BEAUTY,64.36,9,28.962,608.202,2019-03-12,12:09:00,CREDIT CARD,579.24,4.761904762,28.962,8.6,Terça-feira
94,512-91-0811,GIZA,NAYPYITAW,MEMBER,FEMALE,HEALTH AND BEAUTY,89.75,1,4.4875,94.2375,2019-02-06,20:05:00,CREDIT CARD,89.75,4.761904762,4.4875,6.6,Quarta-feira
95,594-34-4444,ALEX,YANGON,MEMBER,FEMALE,ELECTRONIC ACCESSORIES,97.16,1,4.858,102.018,2019-03-08,20:38:00,EWALLET,97.16,4.761904762,4.858,7.2,Sexta-feira
96,766-85-7061,CAIRO,MANDALAY,MEMBER,FEMALE,HEALTH AND BEAUTY,87.87,10,43.935,922.635,2019-03-29,10:25:00,EWALLET,878.7,4.761904762,43.935,5.1,Sexta-feira
97,871-39-9221,GIZA,NAYPYITAW,MEMBER,FEMALE,ELECTRONIC ACCESSORIES,12.45,6,3.735,78.435,2019-02-09,13:11:00,CASH,74.7,4.761904762,3.735,4.1,Sábado
98,865-92-6136,ALEX,YANGON,MEMBER,FEMALE,FOOD AND BEVERAGES,52.75,3,7.9125,166.1625,2019-03-23,10:16:00,EWALLET,158.25,4.761904762,7.9125,9.3,Sábado
99,733-01-9107,CAIRO,MANDALAY,MEMBER,FEMALE,HOME AND LIFESTYLE,82.7,6,24.81,521.01,2019-03-05,18:14:00,CASH,496.2,4.761904762,24.81,7.4,Terça-feira
100,163-56-7055,GIZA,NAYPYITAW,MEMBER,FEMALE,FASHION ACCESSORIES,48.71,1,2.4355,51.1455,2019-03-26,19:20:00,CASH,48.71,4.761904762,2.4355,4.1,Terça-feira
101,189-98-2939,GIZA,NAYPYITAW,MEMBER,FEMALE,FASHION ACCESSORIES,78.55,9,35.3475,742.2975,2019-03-01,13:22:00,CASH,706.95,4.761904762,35.3475,7.2,Sexta-feira
102,551-21-3069,GIZA,NAYPYITAW,MEMBER,FEMALE,ELECTRONIC ACCESSORIES,23.07,9,10.3815,218.0115,2019-02-01,11:27:00,CASH,207.63,4.761904762,10.3815,4.9,Sexta-feira
103,212-62-1842,ALEX,YANGON,MEMBER,FEMALE,FOOD AND BEVERAGES,58.26,6,17.478,367.038,2019-03-28,16:44:00,CASH,349.56,4.761904762,17.478,9.9,Quinta-feira
104,716-39-1409,CAIRO,MANDALAY,MEMBER,FEMALE,HEALTH AND BEAUTY,30.35,7,10.6225,223.0725,2019-03-19,18:19:00,CASH,212.45,4.761904762,10.6225,8.0,Terça-feira
105,704-48-3927,ALEX,YANGON,MEMBER,FEMALE,ELECTRONIC ACCESSORIES,88.67,10,44.335,931.035,2019-01-12,14:50:00,EWALLET,886.7,4.761904762,44.335,7.3,Sábado
106,628-34-3388,GIZA,NAYPYITAW,MEMBER,FEMALE,FASHION ACCESSORIES,27.38,6,8.214,172.494,2019-01-05,20:54:00,CREDIT CARD,164.28,4.761904762,8.214,7.9,Sábado
107,630-74-5166,ALEX,YANGON,MEMBER,FEMALE,SPORTS AND TRAVEL,62.13,6,18.639,391.419,2019-03-22,20:19:00,CASH,372.78,4.761904762,18.639,7.4,Sexta-feira
108,588-01-7461,GIZA,NAYPYITAW,MEMBER,FEMALE,FOOD AND BEVERAGES,33.98,9,15.291,321.111,2019-03-24,10:43:00,CASH,305.82,4.761904762,15.291,4.2,Domingo
109,861-77-0145,GIZA,NAYPYITAW,MEMBER,FEMALE,ELECTRONIC ACCESSORIES,81.97,10,40.985,860.685,2019-03-03,14:30:00,CASH,819.7,4.761904762,40.985,9.2,Domingo
110,479-26-8945,CAIRO,MANDALAY,MEMBER,FEMALE,SPORTS AND TRAVEL,16.49,2,1.649,34.629,2019-02-05,11:32:00,EWALLET,32.98,4.761904762,1.649,4.6,Terça-feira
111,210-67-5886,GIZA,NAYPYITAW,MEMBER,FEMALE,HEALTH AND BEAUTY,98.21,3,14.7315,309.3615,2019-02-05,10:41:00,CREDIT CARD,294.63,4.761904762,14.7315,7.8,Terça-feira
112,227-78-1148,CAIRO,MANDALAY,MEMBER,FEMALE,FASHION ACCESSORIES,72.84,7,25.494,535.374,2019-02-15,12:44:00,CASH,509.88,4.761904762,25.494,8.4,Sexta-feira
113,645-44-1170,ALEX,YANGON,MEMBER,FEMALE,HOME AND LIFESTYLE,58.07,9,26.1315,548.7615,2019-01-19,20:07:00,EWALLET,522.63,4.761904762,26.1315,4.3,Sábado
114,237-01-6122,GIZA,NAYPYITAW,MEMBER,FEMALE,HOME AND LIFESTYLE,80.79,9,36.3555,763.4655,2019-02-01,20:31:00,CREDIT CARD,727.11,4.761904762,36.3555,9.5,Sexta-feira
115,225-98-1496,GIZA,NAYPYITAW,MEMBER,FEMALE,FASHION ACCESSORIES,27.02,3,4.053,85.113,2019-03-02,13:01:00,CREDIT CARD,81.06,4.761904762,4.053,7.1,Sábado
116,291-32-1427,CAIRO,MANDALAY,MEMBER,FEMALE,FASHION ACCESSORIES,21.94,5,5.485,115.185,2019-03-05,12:29:00,EWALLET,109.7,4.761904762,5.485,5.3,Terça-feira
117,659-65-8956,CAIRO,MANDALAY,MEMBER,FEMALE,FASHION ACCESSORIES,51.36,1,2.568,53.928,2019-01-16,15:26:00,EWALLET,51.36,4.761904762,2.568,5.2,Quarta-feira
118,642-32-2990,ALEX,YANGON,MEMBER,FEMALE,FOOD AND BEVERAGES,10.96,10,5.48,115.08,2019-02-02,20:48:00,EWALLET,109.6,4.761904762,5.48,6.0,Sábado
119,378-24-2715,CAIRO,MANDALAY,MEMBER,FEMALE,HOME AND LIFESTYLE,53.44,2,5.344,112.224,2019-01-20,20:38:00,EWALLET,106.88,4.761904762,5.344,4.1,Domingo
120,638-60-7125,ALEX,YANGON,MEMBER,FEMALE,ELECTRONIC ACCESSORIES,99.56,8,39.824,836.304,2019-02-14,17:03:00,CREDIT CARD,796.48,4.761904762,39.824,5.2,Quinta-feira
121,659-36-1684,GIZA,NAYPYITAW,MEMBER,FEMALE,SPORTS AND TRAVEL,57.12,7,19.992,419.832,2019-01-12,12:02:00,CREDIT CARD,399.84,4.761904762,19.992,6.5,Sábado
122,219-22-9386,CAIRO,MANDALAY,MEMBER,FEMALE,SPORTS AND TRAVEL,99.96,9,44.982,944.622,2019-03-09,17:26:00,CREDIT CARD,899.64,4.761904762,44.982,4.2,Sábado
123,336-78-2147,GIZA,NAYPYITAW,MEMBER,FEMALE,HOME AND LIFESTYLE,63.91,8,25.564,536.844,2019-03-13,19:52:00,CREDIT CARD,511.28,4.761904762,25.564,4.6,Quarta-feira
124,268-27-6179,CAIRO,MANDALAY,MEMBER,FEMALE,FASHION ACCESSORIES,56.47,8,22.588,474.348,2019-03-09,14:57:00,EWALLET,451.76,4.761904762,22.588,7.3,Sábado
125,668-90-8900,ALEX,YANGON,MEMBER,FEMALE,HOME AND LIFESTYLE,93.69,7,32.7915,688.6215,2019-03-10,18:44:00,CREDIT CARD,655.83,4.761904762,32.7915,4.5,Domingo
126,870-54-3162,ALEX,YANGON,MEMBER,FEMALE,SPORTS AND TRAVEL,32.25,5,8.0625,169.3125,2019-01-27,13:26:00,CASH,161.25,4.761904762,8.0625,9.0,Domingo
127,189-08-9157,GIZA,NAYPYITAW,MEMBER,FEMALE,FASHION ACCESSORIES,31.73,9,14.2785,299.8485,2019-01-08,16:17:00,CREDIT CARD,285.57,4.761904762,14.2785,5.9,Terça-feira
128,663-86-9076,GIZA,NAYPYITAW,MEMBER,FEMALE,FOOD AND BEVERAGES,68.54,8,27.416,575.736,2019-01-08,15:57:00,EWALLET,548.32,4.761904762,27.416,8.5,Terça-feira
129,549-84-7482,CAIRO,MANDALAY,MEMBER,FEMALE,SPORTS AND TRAVEL,90.28,9,40.626,853.146,2019-02-08,11:15:00,EWALLET,812.52,4.761904762,40.626,7.2,Sexta-feira
130,191-10-6171,CAIRO,MANDALAY,NORMAL,FEMALE,FASHION ACCESSORIES,39.62,7,13.867,291.207,2019-01-25,13:18:00,CASH,277.34,4.761904762,13.867,7.5,Sexta-feira
131,802-70-5316,ALEX,YANGON,MEMBER,FEMALE,SPORTS AND TRAVEL,92.13,6,27.639,580.419,2019-03-06,20:34:00,CASH,552.78,4.761904762,27.639,8.3,Quarta-feira
132,695-51-0018,CAIRO,MANDALAY,NORMAL,FEMALE,SPORTS AND TRAVEL,34.84,4,6.968,146.328,2019-02-10,18:36:00,CASH,139.36,4.761904762,6.968,7.4,Domingo
133,590-83-4591,CAIRO,MANDALAY,MEMBER,FEMALE,ELECTRONIC ACCESSORIES,87.45,6,26.235,550.935,2019-02-17,14:40:00,CREDIT CARD,524.7,4.761904762,26.235,8.8,Domingo
134,483-71-1164,GIZA,NAYPYITAW,NORMAL,FEMALE,HEALTH AND BEAUTY,81.3,6,24.39,512.19,2019-03-08,16:43:00,EWALLET,487.8,4.761904762,24.39,5.3,Sexta-feira
135,597-78-7908,GIZA,NAYPYITAW,NORMAL,FEMALE,FASHION ACCESSORIES,90.22,3,13.533,284.193,2019-02-18,19:39:00,CASH,270.66,4.761904762,13.533,6.2,Segunda-feira
136,700-81-1757,ALEX,YANGON,NORMAL,FEMALE,ELECTRONIC ACCESSORIES,26.31,5,6.5775,138.1275,2019-01-18,20:59:00,CREDIT CARD,131.55,4.761904762,6.5775,8.8,Sexta-feira
137,354-39-5160,ALEX,YANGON,MEMBER,FEMALE,HOME AND LIFESTYLE,34.42,6,10.326,216.846,2019-02-18,15:39:00,CASH,206.52,4.761904762,10.326,9.8,Segunda-feira
138,241-72-9525,CAIRO,MANDALAY,NORMAL,FEMALE,SPORTS AND TRAVEL,51.91,10,25.955,545.055,2019-02-16,12:21:00,CASH,519.1,4.761904762,25.955,8.2,Sábado
139,575-30-8091,ALEX,YANGON,NORMAL,FEMALE,SPORTS AND TRAVEL,72.5,8,29.0,609.0,2019-03-16,19:25:00,EWALLET,580.0,4.761904762,29.0,9.2,Sábado
140,731-81-9469,GIZA,NAYPYITAW,MEMBER,FEMALE,SPORTS AND TRAVEL,89.8,10,44.9,942.9,2019-01-23,13:00:00,CREDIT CARD,898.0,4.761904762,44.9,5.4,Quarta-feira
141,280-17-4359,GIZA,NAYPYITAW,MEMBER,MALE,HEALTH AND BEAUTY,90.5,10,45.25,950.25,2019-01-25,13:48:00,CASH,905.0,4.761904762,45.25,8.1,Sexta-feira
142,338-65-2210,GIZA,NAYPYITAW,MEMBER,FEMALE,HEALTH AND BEAUTY,68.6,10,34.3,720.3,2019-02-05,19:57:00,CASH,686.0,4.761904762,34.3,9.1,Terça-feira
143,488-25-4221,GIZA,NAYPYITAW,MEMBER,FEMALE,FOOD AND BEVERAGES,30.41,1,1.5205,31.9305,2019-02-22,10:36:00,CREDIT CARD,30.41,4.761904762,1.5205,8.4,Sexta-feira
144,239-10-7476,ALEX,YANGON,NORMAL,FEMALE,HOME AND LIFESTYLE,77.95,6,23.385,491.085,2019-01-21,16:37:00,EWALLET,467.7,4.761904762,23.385,8.0,Segunda-feira
145,458-41-1477,GIZA,NAYPYITAW,NORMAL,FEMALE,HEALTH AND BEAUTY,46.26,6,13.878,291.438,2019-03-08,17:11:00,CREDIT CARD,277.56,4.761904762,13.878,9.5,Sexta-feira
146,685-64-1609,ALEX,YANGON,MEMBER,FEMALE,FASHION ACCESSORIES,30.14,10,15.07,316.47,2019-02-10,12:28:00,EWALLET,301.4,4.761904762,15.07,9.2,Domingo
147,568-90-5112,GIZA,NAYPYITAW,NORMAL,MALE,HEALTH AND BEAUTY,66.14,4,13.228,277.788,2019-03-19,12:46:00,CREDIT CARD,264.56,4.761904762,13.228,5.6,Terça-feira
148,262-47-2794,CAIRO,MANDALAY,MEMBER,MALE,HOME AND LIFESTYLE,71.86,8,28.744,603.624,2019-03-06,15:07:00,CREDIT CARD,574.88,4.761904762,28.744,6.2,Quarta-feira
149,238-49-0436,ALEX,YANGON,NORMAL,MALE,HEALTH AND BEAUTY,32.46,8,12.984,272.664,2019-03-27,13:48:00,CREDIT CARD,259.68,4.761904762,12.984,4.9,Quarta-feira
150,608-96-3517,CAIRO,MANDALAY,MEMBER,FEMALE,FASHION ACCESSORIES,91.54,4,18.308,384.468,2019-03-23,19:20:00,CREDIT CARD,366.16,4.761904762,18.308,4.8,Sábado
151,584-86-7256,GIZA,NAYPYITAW,MEMBER,MALE,SPORTS AND TRAVEL,34.56,7,12.096,254.016,2019-03-11,16:07:00,CREDIT CARD,241.92,4.761904762,12.096,7.3,Segunda-feira
152,746-94-0204,ALEX,YANGON,NORMAL,MALE,FASHION ACCESSORIES,83.24,9,37.458,786.618,2019-01-29,11:56:00,CREDIT CARD,749.16,4.761904762,37.458,7.4,Terça-feira
153,214-17-6927,GIZA,NAYPYITAW,NORMAL,FEMALE,FOOD AND BEVERAGES,16.48,6,4.944,103.824,2019-02-07,18:23:00,EWALLET,98.88,4.761904762,4.944,9.9,Quinta-feira
154,400-89-4171,GIZA,NAYPYITAW,NORMAL,FEMALE,SPORTS AND TRAVEL,80.97,8,32.388,680.148,2019-01-28,13:05:00,CASH,647.76,4.761904762,32.388,9.3,Segunda-feira
155,782-95-9291,ALEX,YANGON,MEMBER,MALE,FOOD AND BEVERAGES,92.29,5,23.0725,484.5225,2019-02-20,15:55:00,CREDIT CARD,461.45,4.761904762,23.0725,9.0,Quarta-feira
156,279-74-2924,CAIRO,MANDALAY,MEMBER,MALE,ELECTRONIC ACCESSORIES,72.17,1,3.6085,75.7785,2019-01-04,19:40:00,CASH,72.17,4.761904762,3.6085,6.1,Sexta-feira
157,307-85-2293,CAIRO,MANDALAY,NORMAL,MALE,HOME AND LIFESTYLE,50.28,5,12.57,263.97,2019-03-07,13:58:00,EWALLET,251.4,4.761904762,12.57,9.7,Quinta-feira
158,743-04-1105,CAIRO,MANDALAY,MEMBER,MALE,HEALTH AND BEAUTY,97.22,9,43.749,918.729,2019-03-30,14:43:00,EWALLET,874.98,4.761904762,43.749,6.0,Sábado
159,423-57-2993,CAIRO,MANDALAY,NORMAL,MALE,SPORTS AND TRAVEL,93.39,6,28.017,588.357,2019-03-27,19:18:00,EWALLET,560.34,4.761904762,28.017,10.0,Quarta-feira
160,894-41-5205,GIZA,NAYPYITAW,NORMAL,FEMALE,FOOD AND BEVERAGES,43.18,8,17.272,362.712,2019-01-19,19:39:00,CREDIT CARD,345.44,4.761904762,17.272,8.3,Sábado
161,275-28-0149,ALEX,YANGON,NORMAL,MALE,SPORTS AND TRAVEL,63.69,1,3.1845,66.8745,2019-02-25,16:21:00,CASH,63.69,4.761904762,3.1845,6.0,Segunda-feira
162,101-17-6199,ALEX,YANGON,NORMAL,MALE,FOOD AND BEVERAGES,45.79,7,16.0265,336.5565,2019-03-13,19:44:00,CREDIT CARD,320.53,4.761904762,16.0265,7.0,Quarta-feira
163,423-80-0988,GIZA,NAYPYITAW,NORMAL,MALE,SPORTS AND TRAVEL,76.4,2,7.64,160.44,2019-01-30,19:42:00,EWALLET,152.8,4.761904762,7.64,6.5,Quarta-feira
164,548-46-9322,CAIRO,MANDALAY,NORMAL,MALE,FOOD AND BEVERAGES,39.9,10,19.95,418.95,2019-02-20,15:24:00,CREDIT CARD,399.0,4.761904762,19.95,5.9,Quarta-feira
165,505-02-0892,CAIRO,MANDALAY,MEMBER,MALE,HEALTH AND BEAUTY,42.57,8,17.028,357.588,2019-02-25,14:12:00,EWALLET,340.56,4.761904762,17.028,5.6,Segunda-feira
166,234-65-2137,GIZA,NAYPYITAW,NORMAL,MALE,HOME AND LIFESTYLE,95.58,10,47.79,1003.59,2019-01-16,13:32:00,CASH,955.8,4.761904762,47.79,4.8,Quarta-feira
167,687-47-8271,ALEX,YANGON,NORMAL,MALE,FASHION ACCESSORIES,98.98,10,49.49,1039.29,2019-02-08,16:20:00,CREDIT CARD,989.8,4.761904762,49.49,8.7,Sexta-feira
168,796-32-9050,ALEX,YANGON,NORMAL,MALE,FOOD AND BEVERAGES,51.28,6,15.384,323.064,2019-01-19,16:31:00,CASH,307.68,4.761904762,15.384,6.5,Sábado
169,105-31-1824,ALEX,YANGON,MEMBER,MALE,SPORTS AND TRAVEL,69.52,7,24.332,510.972,2019-02-01,15:10:00,CREDIT CARD,486.64,4.761904762,24.332,8.5,Sexta-feira
170,249-42-3782,ALEX,YANGON,NORMAL,MALE,HEALTH AND BEAUTY,70.01,5,17.5025,367.5525,2019-01-03,11:36:00,EWALLET,350.05,4.761904762,17.5025,5.5,Quinta-feira
171,316-55-4634,CAIRO,MANDALAY,MEMBER,MALE,FOOD AND BEVERAGES,80.05,5,20.0125,420.2625,2019-01-26,12:45:00,CREDIT CARD,400.25,4.761904762,20.0125,9.4,Sábado
172,733-33-4967,GIZA,NAYPYITAW,NORMAL,MALE,ELECTRONIC ACCESSORIES,20.85,8,8.34,175.14,2019-03-03,19:17:00,CASH,166.8,4.761904762,8.34,6.3,Domingo
173,608-27-6295,CAIRO,MANDALAY,MEMBER,MALE,ELECTRONIC ACCESSORIES,52.89,6,15.867,333.207,2019-01-19,17:34:00,CREDIT CARD,317.34,4.761904762,15.867,9.8,Sábado
174,414-12-7047,CAIRO,MANDALAY,NORMAL,MALE,FOOD AND BEVERAGES,19.79,8,7.916,166.236,2019-01-18,12:04:00,EWALLET,158.32,4.761904762,7.916,8.7,Sexta-feira
175,827-26-2100,ALEX,YANGON,MEMBER,MALE,HOME AND LIFESTYLE,33.84,9,15.228,319.788,2019-03-21,16:21:00,EWALLET,304.56,4.761904762,15.228,8.8,Quinta-feira
176,175-54-2529,ALEX,YANGON,MEMBER,MALE,FOOD AND BEVERAGES,22.17,8,8.868,186.228,2019-03-03,17:01:00,CREDIT CARD,177.36,4.761904762,8.868,9.6,Domingo
177,139-52-2867,GIZA,NAYPYITAW,NORMAL,FEMALE,FASHION ACCESSORIES,22.51,7,7.8785,165.4485,2019-02-13,10:50:00,CREDIT CARD,157.57,4.761904762,7.8785,4.8,Quarta-feira
178,407-63-8975,ALEX,YANGON,NORMAL,MALE,FOOD AND BEVERAGES,73.88,6,22.164,465.444,2019-03-23,19:16:00,EWALLET,443.28,4.761904762,22.164,4.4,Sábado
179,342-65-4817,GIZA,NAYPYITAW,MEMBER,MALE,HEALTH AND BEAUTY,86.8,3,13.02,273.42,2019-01-28,16:47:00,EWALLET,260.4,4.761904762,13.02,9.9,Segunda-feira
180,130-98-8941,GIZA,NAYPYITAW,NORMAL,MALE,FASHION ACCESSORIES,64.26,7,22.491,472.311,2019-02-09,10:00:00,CASH,449.82,4.761904762,22.491,5.7,Sábado
181,434-83-9547,GIZA,NAYPYITAW,MEMBER,MALE,FOOD AND BEVERAGES,38.47,8,15.388,323.148,2019-01-23,11:51:00,CASH,307.76,4.761904762,15.388,7.7,Quarta-feira
182,851-28-6367,ALEX,YANGON,MEMBER,MALE,SPORTS AND TRAVEL,15.5,10,7.75,162.75,2019-03-23,10:55:00,EWALLET,155.0,4.761904762,7.75,8.0,Sábado
183,824-88-3614,GIZA,NAYPYITAW,NORMAL,MALE,HEALTH AND BEAUTY,34.31,8,13.724,288.204,2019-01-25,15:00:00,EWALLET,274.48,4.761904762,13.724,5.7,Sexta-feira
184,586-25-0848,ALEX,YANGON,NORMAL,FEMALE,SPORTS AND TRAVEL,12.34,7,4.319,90.699,2019-03-04,11:19:00,CREDIT CARD,86.38,4.761904762,4.319,6.7,Segunda-feira
185,895-66-0685,CAIRO,MANDALAY,MEMBER,MALE,FOOD AND BEVERAGES,18.08,3,2.712,56.952,2019-03-05,19:46:00,EWALLET,54.24,4.761904762,2.712,8.0,Terça-feira
186,305-14-0245,CAIRO,MANDALAY,MEMBER,FEMALE,HOME AND LIFESTYLE,94.49,8,37.796,793.716,2019-03-03,19:00:00,EWALLET,755.92,4.761904762,37.796,7.5,Domingo
187,732-04-5373,CAIRO,MANDALAY,MEMBER,MALE,HOME AND LIFESTYLE,46.47,4,9.294,195.174,2019-02-08,10:53:00,CASH,185.88,4.761904762,9.294,7.0,Sexta-feira
188,400-60-7251,ALEX,YANGON,NORMAL,MALE,HOME AND LIFESTYLE,74.07,1,3.7035,77.7735,2019-02-10,12:50:00,EWALLET,74.07,4.761904762,3.7035,9.9,Domingo
189,593-65-1552,GIZA,NAYPYITAW,NORMAL,FEMALE,HOME AND LIFESTYLE,69.81,4,13.962,293.202,2019-01-28,20:50:00,CREDIT CARD,279.24,4.761904762,13.962,5.9,Segunda-feira
190,284-34-9626,CAIRO,MANDALAY,NORMAL,FEMALE,HOME AND LIFESTYLE,77.04,3,11.556,242.676,2019-02-11,10:39:00,CREDIT CARD,231.12,4.761904762,11.556,7.2,Segunda-feira
191,437-58-8131,CAIRO,MANDALAY,NORMAL,FEMALE,FASHION ACCESSORIES,73.52,2,7.352,154.392,2019-01-15,13:41:00,EWALLET,147.04,4.761904762,7.352,4.6,Terça-feira
192,286-43-6208,GIZA,NAYPYITAW,NORMAL,FEMALE,FOOD AND BEVERAGES,87.8,9,39.51,829.71,2019-03-16,19:08:00,CASH,790.2,4.761904762,39.51,9.2,Sábado
193,641-43-2399,CAIRO,MANDALAY,NORMAL,MALE,HOME AND LIFESTYLE,25.55,4,5.11,107.31,2019-01-26,20:23:00,EWALLET,102.2,4.761904762,5.11,5.7,Sábado
194,831-07-6050,ALEX,YANGON,NORMAL,MALE,ELECTRONIC ACCESSORIES,32.71,5,8.1775,171.7275,2019-03-19,11:30:00,CREDIT CARD,163.55,4.761904762,8.1775,9.9,Terça-feira
195,556-86-3144,GIZA,NAYPYITAW,MEMBER,FEMALE,FASHION ACCESSORIES,74.29,1,3.7145,78.0045,2019-01-13,19:30:00,CASH,74.29,4.761904762,3.7145,5.0,Domingo
196,848-24-9445,GIZA,NAYPYITAW,MEMBER,MALE,HEALTH AND BEAUTY,43.7,2,4.37,91.77,2019-03-26,18:03:00,CASH,87.4,4.761904762,4.37,4.9,Terça-feira
197,856-22-8149,ALEX,YANGON,NORMAL,FEMALE,HOME AND LIFESTYLE,25.29,1,1.2645,26.5545,2019-03-23,10:13:00,EWALLET,25.29,4.761904762,1.2645,6.1,Sábado
198,699-01-4164,GIZA,NAYPYITAW,NORMAL,MALE,HEALTH AND BEAUTY,41.5,4,8.3,174.3,2019-03-12,19:58:00,CREDIT CARD,166.0,4.761904762,8.3,8.2,Terça-feira
199,420-11-4919,GIZA,NAYPYITAW,MEMBER,FEMALE,FOOD AND BEVERAGES,71.39,5,17.8475,374.7975,2019-02-17,19:57:00,CREDIT CARD,356.95,4.761904762,17.8475,5.5,Domingo
200,606-80-4905,GIZA,NAYPYITAW,MEMBER,FEMALE,SPORTS AND TRAVEL,19.15,6,5.745,120.645,2019-01-29,10:01:00,CREDIT CARD,114.9,4.761904762,5.745,6.8,Terça-feira
201,542-41-0513,CAIRO,MANDALAY,MEMBER,FEMALE,ELECTRONIC ACCESSORIES,57.49,4,11.498,241.458,2019-03-15,11:57:00,CASH,229.96,4.761904762,11.498,6.6,Sexta-feira
202,426-39-2418,GIZA,NAYPYITAW,NORMAL,MALE,ELECTRONIC ACCESSORIES,61.41,7,21.4935,451.3635,2019-01-14,10:02:00,CASH,429.87,4.761904762,21.4935,9.8,Segunda-feira
203,875-46-5808,CAIRO,MANDALAY,MEMBER,MALE,HEALTH AND BEAUTY,25.9,10,12.95,271.95,2019-02-06,14:51:00,EWALLET,259.0,4.761904762,12.95,8.7,Quarta-feira
204,394-43-4238,CAIRO,MANDALAY,MEMBER,MALE,HOME AND LIFESTYLE,17.77,5,4.4425,93.2925,2019-02-15,12:42:00,CREDIT CARD,88.85,4.761904762,4.4425,5.4,Sexta-feira
205,749-24-1565,ALEX,YANGON,NORMAL,FEMALE,HEALTH AND BEAUTY,23.03,9,10.3635,217.6335,2019-01-03,12:02:00,EWALLET,207.27,4.761904762,10.3635,7.9,Quinta-feira
206,672-51-8681,GIZA,NAYPYITAW,MEMBER,FEMALE,ELECTRONIC ACCESSORIES,66.65,9,29.9925,629.8425,2019-01-04,18:19:00,CREDIT CARD,599.85,4.761904762,29.9925,9.7,Sexta-feira
207,263-87-5680,GIZA,NAYPYITAW,MEMBER,FEMALE,HOME AND LIFESTYLE,28.53,10,14.265,299.565,2019-03-18,17:38:00,EWALLET,285.3,4.761904762,14.265,7.8,Segunda-feira
208,573-58-9734,CAIRO,MANDALAY,NORMAL,FEMALE,FASHION ACCESSORIES,30.37,3,4.5555,95.6655,2019-03-28,13:41:00,EWALLET,91.11,4.761904762,4.5555,5.1,Quinta-feira
209,817-69-8206,CAIRO,MANDALAY,NORMAL,FEMALE,ELECTRONIC ACCESSORIES,99.73,9,44.8785,942.4485,2019-03-02,19:42:00,CREDIT CARD,897.57,4.761904762,44.8785,6.5,Sábado
210,888-02-0338,ALEX,YANGON,NORMAL,MALE,ELECTRONIC ACCESSORIES,26.23,9,11.8035,247.8735,2019-01-25,20:24:00,EWALLET,236.07,4.761904762,11.8035,5.9,Sexta-feira
211,677-11-0152,GIZA,NAYPYITAW,NORMAL,FEMALE,FOOD AND BEVERAGES,93.26,9,41.967,881.307,2019-01-16,18:08:00,CASH,839.34,4.761904762,41.967,8.8,Quarta-feira
212,142-63-6033,CAIRO,MANDALAY,NORMAL,MALE,HOME AND LIFESTYLE,92.36,5,23.09,484.89,2019-03-20,19:17:00,EWALLET,461.8,4.761904762,23.09,4.9,Quarta-feira
213,656-16-1063,CAIRO,MANDALAY,NORMAL,MALE,SPORTS AND TRAVEL,46.42,3,6.963,146.223,2019-01-04,13:24:00,CREDIT CARD,139.26,4.761904762,6.963,4.4,Sexta-feira
214,891-58-8335,CAIRO,MANDALAY,MEMBER,FEMALE,SPORTS AND TRAVEL,29.61,7,10.3635,217.6335,2019-03-11,15:53:00,CASH,207.27,4.761904762,10.3635,6.5,Segunda-feira
215,802-43-8934,ALEX,YANGON,NORMAL,MALE,HOME AND LIFESTYLE,18.28,1,0.914,19.194,2019-03-22,15:05:00,CREDIT CARD,18.28,4.761904762,0.914,8.3,Sexta-feira
216,560-30-5617,CAIRO,MANDALAY,NORMAL,FEMALE,SPORTS AND TRAVEL,24.77,5,6.1925,130.0425,2019-03-24,18:27:00,CASH,123.85,4.761904762,6.1925,8.5,Domingo
217,319-74-2561,ALEX,YANGON,MEMBER,FEMALE,ELECTRONIC ACCESSORIES,94.64,3,14.196,298.116,2019-02-21,16:55:00,CASH,283.92,4.761904762,14.196,5.5,Quinta-feira
218,549-03-9315,CAIRO,MANDALAY,NORMAL,MALE,FASHION ACCESSORIES,94.87,8,37.948,796.908,2019-02-12,12:58:00,EWALLET,758.96,4.761904762,37.948,8.7,Terça-feira
219,790-29-1172,CAIRO,MANDALAY,NORMAL,FEMALE,FOOD AND BEVERAGES,57.34,3,8.601,180.621,2019-03-10,18:59:00,CREDIT CARD,172.02,4.761904762,8.601,7.9,Domingo
220,239-36-3640,CAIRO,MANDALAY,NORMAL,MALE,ELECTRONIC ACCESSORIES,45.35,6,13.605,285.705,2019-01-31,13:44:00,EWALLET,272.1,4.761904762,13.605,6.1,Quinta-feira
221,468-01-2051,CAIRO,MANDALAY,NORMAL,MALE,FOOD AND BEVERAGES,62.08,7,21.728,456.288,2019-03-06,13:46:00,EWALLET,434.56,4.761904762,21.728,5.4,Quarta-feira
222,389-25-3394,GIZA,NAYPYITAW,NORMAL,MALE,ELECTRONIC ACCESSORIES,11.81,5,2.9525,62.0025,2019-02-17,18:06:00,CASH,59.05,4.761904762,2.9525,9.4,Domingo
223,279-62-1445,GIZA,NAYPYITAW,MEMBER,FEMALE,FASHION ACCESSORIES,12.54,1,0.627,13.167,2019-02-21,12:38:00,CASH,12.54,4.761904762,0.627,8.2,Quinta-feira
224,213-72-6612,ALEX,YANGON,NORMAL,MALE,FOOD AND BEVERAGES,43.25,2,4.325,90.825,2019-03-20,15:56:00,CASH,86.5,4.761904762,4.325,6.2,Quarta-feira
225,746-68-6593,GIZA,NAYPYITAW,MEMBER,FEMALE,SPORTS AND TRAVEL,87.16,2,8.716,183.036,2019-01-11,14:29:00,CREDIT CARD,174.32,4.761904762,8.716,9.7,Sexta-feira
226,836-82-5858,CAIRO,MANDALAY,MEMBER,MALE,HEALTH AND BEAUTY,69.37,9,31.2165,655.5465,2019-01-26,19:14:00,EWALLET,624.33,4.761904762,31.2165,4.0,Sábado
227,583-72-1480,GIZA,NAYPYITAW,MEMBER,MALE,ELECTRONIC ACCESSORIES,37.06,4,7.412,155.652,2019-01-31,16:24:00,EWALLET,148.24,4.761904762,7.412,9.7,Quinta-feira
228,466-61-5506,CAIRO,MANDALAY,MEMBER,FEMALE,ELECTRONIC ACCESSORIES,90.7,6,27.21,571.41,2019-02-26,10:52:00,CASH,544.2,4.761904762,27.21,5.3,Terça-feira
229,721-86-6247,ALEX,YANGON,NORMAL,FEMALE,HOME AND LIFESTYLE,63.42,8,25.368,532.728,2019-03-11,12:55:00,EWALLET,507.36,4.761904762,25.368,7.4,Segunda-feira
230,289-65-5721,CAIRO,MANDALAY,NORMAL,FEMALE,FASHION ACCESSORIES,81.37,2,8.137,170.877,2019-01-26,19:28:00,CASH,162.74,4.761904762,8.137,6.5,Sábado
231,545-46-3100,CAIRO,MANDALAY,MEMBER,FEMALE,ELECTRONIC ACCESSORIES,10.59,3,1.5885,33.3585,2019-03-12,13:52:00,CREDIT CARD,31.77,4.761904762,1.5885,8.7,Terça-feira
232,418-02-5978,CAIRO,MANDALAY,NORMAL,FEMALE,HEALTH AND BEAUTY,84.09,9,37.8405,794.6505,2019-02-11,10:54:00,CASH,756.81,4.761904762,37.8405,8.0,Segunda-feira
233,269-04-5750,CAIRO,MANDALAY,MEMBER,MALE,FASHION ACCESSORIES,73.82,4,14.764,310.044,2019-02-21,18:31:00,CASH,295.28,4.761904762,14.764,6.7,Quinta-feira
234,157-13-5295,ALEX,YANGON,MEMBER,MALE,HEALTH AND BEAUTY,51.94,10,25.97,545.37,2019-03-09,18:24:00,EWALLET,519.4,4.761904762,25.97,6.5,Sábado
235,645-78-8093,ALEX,YANGON,NORMAL,FEMALE,SPORTS AND TRAVEL,93.14,2,9.314,195.594,2019-01-20,18:09:00,EWALLET,186.28,4.761904762,9.314,4.1,Domingo
236,211-30-9270,GIZA,NAYPYITAW,NORMAL,MALE,HEALTH AND BEAUTY,17.41,5,4.3525,91.4025,2019-01-28,15:16:00,CREDIT CARD,87.05,4.761904762,4.3525,4.9,Segunda-feira
237,755-12-3214,GIZA,NAYPYITAW,MEMBER,FEMALE,FASHION ACCESSORIES,44.22,5,11.055,232.155,2019-03-05,17:07:00,CREDIT CARD,221.1,4.761904762,11.055,8.6,Terça-feira
238,346-84-3103,CAIRO,MANDALAY,MEMBER,FEMALE,ELECTRONIC ACCESSORIES,13.22,5,3.305,69.405,2019-03-02,19:26:00,CASH,66.1,4.761904762,3.305,4.3,Sábado
239,478-06-7835,ALEX,YANGON,NORMAL,MALE,FASHION ACCESSORIES,89.69,1,4.4845,94.1745,2019-01-11,11:20:00,EWALLET,89.69,4.761904762,4.4845,4.9,Sexta-feira
240,540-11-4336,ALEX,YANGON,NORMAL,MALE,FOOD AND BEVERAGES,24.94,9,11.223,235.683,2019-01-11,16:49:00,CREDIT CARD,224.46,4.761904762,11.223,5.6,Sexta-feira
241,448-81-5016,ALEX,YANGON,NORMAL,MALE,HEALTH AND BEAUTY,59.77,2,5.977,125.517,2019-03-11,12:01:00,CREDIT CARD,119.54,4.761904762,5.977,5.8,Segunda-feira
242,142-72-4741,GIZA,NAYPYITAW,MEMBER,MALE,FASHION ACCESSORIES,93.2,2,9.32,195.72,2019-02-28,18:37:00,CREDIT CARD,186.4,4.761904762,9.32,6.0,Quinta-feira
243,217-58-1179,ALEX,YANGON,MEMBER,MALE,HOME AND LIFESTYLE,62.65,4,12.53,263.13,2019-01-05,11:25:00,CASH,250.6,4.761904762,12.53,4.2,Sábado
244,376-02-8238,CAIRO,MANDALAY,NORMAL,MALE,HOME AND LIFESTYLE,93.87,8,37.548,788.508,2019-02-02,18:42:00,CREDIT CARD,750.96,4.761904762,37.548,8.3,Sábado
245,530-90-9855,ALEX,YANGON,MEMBER,MALE,HOME AND LIFESTYLE,47.59,8,19.036,399.756,2019-01-01,14:47:00,CASH,380.72,4.761904762,19.036,5.7,Terça-feira
246,866-05-7563,CAIRO,MANDALAY,MEMBER,FEMALE,ELECTRONIC ACCESSORIES,81.4,3,12.21,256.41,2019-02-09,19:43:00,CASH,244.2,4.761904762,12.21,4.8,Sábado
247,604-70-6476,ALEX,YANGON,MEMBER,MALE,FASHION ACCESSORIES,17.94,5,4.485,94.185,2019-01-23,14:04:00,EWALLET,89.7,4.761904762,4.485,6.8,Quarta-feira
248,799-71-1548,ALEX,YANGON,MEMBER,MALE,ELECTRONIC ACCESSORIES,77.72,4,15.544,326.424,2019-01-07,16:11:00,CREDIT CARD,310.88,4.761904762,15.544,8.8,Segunda-feira
249,785-13-7708,CAIRO,MANDALAY,NORMAL,MALE,FOOD AND BEVERAGES,73.06,7,25.571,536.991,2019-01-14,19:06:00,CREDIT CARD,511.42,4.761904762,25.571,4.2,Segunda-feira
250,845-51-0542,CAIRO,MANDALAY,MEMBER,MALE,FOOD AND BEVERAGES,46.55,9,20.9475,439.8975,2019-02-02,15:34:00,EWALLET,418.95,4.761904762,20.9475,6.4,Sábado
251,662-47-5456,GIZA,NAYPYITAW,MEMBER,MALE,FASHION ACCESSORIES,35.19,10,17.595,369.495,2019-03-17,19:06:00,CREDIT CARD,351.9,4.761904762,17.595,8.4,Domingo
252,883-17-4236,GIZA,NAYPYITAW,NORMAL,FEMALE,SPORTS AND TRAVEL,14.39,2,1.439,30.219,2019-03-02,19:44:00,CREDIT CARD,28.78,4.761904762,1.439,7.2,Sábado
253,290-68-2984,ALEX,YANGON,NORMAL,MALE,HOME AND LIFESTYLE,23.75,4,4.75,99.75,2019-03-16,11:22:00,CASH,95.0,4.761904762,4.75,5.2,Sábado
254,704-11-6354,ALEX,YANGON,MEMBER,MALE,HOME AND LIFESTYLE,58.9,8,23.56,494.76,2019-01-06,11:23:00,CASH,471.2,4.761904762,23.56,8.9,Domingo
255,110-48-7033,CAIRO,MANDALAY,MEMBER,MALE,FASHION ACCESSORIES,32.62,4,6.524,137.004,2019-01-29,14:12:00,CASH,130.48,4.761904762,6.524,9.0,Terça-feira
256,366-93-0948,ALEX,YANGON,MEMBER,MALE,ELECTRONIC ACCESSORIES,66.35,1,3.3175,69.6675,2019-01-31,10:46:00,CREDIT CARD,66.35,4.761904762,3.3175,9.7,Quinta-feira
257,729-09-9681,ALEX,YANGON,MEMBER,MALE,HOME AND LIFESTYLE,25.91,6,7.773,163.233,2019-02-05,10:16:00,EWALLET,155.46,4.761904762,7.773,8.7,Terça-feira
258,151-16-1484,ALEX,YANGON,MEMBER,MALE,ELECTRONIC ACCESSORIES,32.25,4,6.45,135.45,2019-02-13,12:38:00,EWALLET,129.0,4.761904762,6.45,6.5,Quarta-feira
259,380-94-4661,GIZA,NAYPYITAW,MEMBER,MALE,ELECTRONIC ACCESSORIES,65.94,4,13.188,276.948,2019-02-07,13:05:00,CREDIT CARD,263.76,4.761904762,13.188,6.9,Quinta-feira
260,850-41-9669,ALEX,YANGON,NORMAL,FEMALE,ELECTRONIC ACCESSORIES,75.06,9,33.777,709.317,2019-03-19,13:25:00,EWALLET,675.54,4.761904762,33.777,6.2,Terça-feira
261,821-07-3596,GIZA,NAYPYITAW,NORMAL,FEMALE,FASHION ACCESSORIES,16.45,4,3.29,69.09,2019-03-07,14:53:00,EWALLET,65.8,4.761904762,3.29,5.6,Quinta-feira
262,655-85-5130,CAIRO,MANDALAY,MEMBER,FEMALE,FASHION ACCESSORIES,38.3,4,7.66,160.86,2019-03-13,19:22:00,CASH,153.2,4.761904762,7.66,5.7,Quarta-feira
263,447-15-7839,ALEX,YANGON,MEMBER,FEMALE,SPORTS AND TRAVEL,22.24,10,11.12,233.52,2019-02-09,11:00:00,CASH,222.4,4.761904762,11.12,4.2,Sábado
264,154-74-7179,CAIRO,MANDALAY,NORMAL,MALE,SPORTS AND TRAVEL,54.45,1,2.7225,57.1725,2019-02-26,19:24:00,EWALLET,54.45,4.761904762,2.7225,7.9,Terça-feira
265,253-12-6086,ALEX,YANGON,MEMBER,FEMALE,SPORTS AND TRAVEL,98.4,7,34.44,723.24,2019-03-12,12:43:00,CREDIT CARD,688.8,4.761904762,34.44,8.7,Terça-feira
266,808-65-0703,GIZA,NAYPYITAW,NORMAL,MALE,HOME AND LIFESTYLE,35.47,4,7.094,148.974,2019-03-14,17:22:00,CREDIT CARD,141.88,4.761904762,7.094,6.9,Quinta-feira
267,571-94-0759,CAIRO,MANDALAY,MEMBER,FEMALE,FOOD AND BEVERAGES,74.6,10,37.3,783.3,2019-01-08,20:55:00,CASH,746.0,4.761904762,37.3,9.5,Terça-feira
268,144-51-6085,ALEX,YANGON,MEMBER,MALE,HOME AND LIFESTYLE,70.74,4,14.148,297.108,2019-01-05,16:05:00,CREDIT CARD,282.96,4.761904762,14.148,4.4,Sábado
269,731-14-2199,ALEX,YANGON,MEMBER,FEMALE,HOME AND LIFESTYLE,35.54,10,17.77,373.17,2019-01-04,13:34:00,EWALLET,355.4,4.761904762,17.77,7.0,Sexta-feira
270,783-09-1637,CAIRO,MANDALAY,NORMAL,FEMALE,SPORTS AND TRAVEL,67.43,5,16.8575,354.0075,2019-03-06,18:13:00,EWALLET,337.15,4.761904762,16.8575,6.3,Quarta-feira
271,687-15-1097,GIZA,NAYPYITAW,MEMBER,FEMALE,HEALTH AND BEAUTY,21.12,2,2.112,44.352,2019-01-03,19:17:00,CASH,42.24,4.761904762,2.112,9.7,Quinta-feira
272,126-54-1082,ALEX,YANGON,MEMBER,FEMALE,HOME AND LIFESTYLE,21.54,9,9.693,203.553,2019-01-07,11:44:00,CREDIT CARD,193.86,4.761904762,9.693,8.8,Segunda-feira
273,633-91-1052,ALEX,YANGON,NORMAL,FEMALE,HOME AND LIFESTYLE,12.03,2,1.203,25.263,2019-01-27,15:51:00,CASH,24.06,4.761904762,1.203,5.1,Domingo
274,477-24-6490,CAIRO,MANDALAY,NORMAL,FEMALE,HEALTH AND BEAUTY,99.71,6,29.913,628.173,2019-02-26,16:52:00,EWALLET,598.26,4.761904762,29.913,7.9,Terça-feira
275,566-19-5475,CAIRO,MANDALAY,NORMAL,MALE,FASHION ACCESSORIES,47.97,7,16.7895,352.5795,2019-01-07,20:52:00,CASH,335.79,4.761904762,16.7895,6.2,Segunda-feira
276,526-86-8552,GIZA,NAYPYITAW,MEMBER,FEMALE,HOME AND LIFESTYLE,21.82,10,10.91,229.11,2019-01-07,17:36:00,CASH,218.2,4.761904762,10.91,7.1,Segunda-feira
277,376-56-3573,GIZA,NAYPYITAW,NORMAL,FEMALE,FASHION ACCESSORIES,95.42,4,19.084,400.764,2019-02-02,13:23:00,EWALLET,381.68,4.761904762,19.084,6.4,Sábado
278,537-72-0426,GIZA,NAYPYITAW,MEMBER,MALE,FASHION ACCESSORIES,70.99,10,35.495,745.395,2019-03-20,16:28:00,CASH,709.9,4.761904762,35.495,5.7,Quarta-feira
279,828-61-5674,ALEX,YANGON,MEMBER,MALE,SPORTS AND TRAVEL,44.02,10,22.01,462.21,2019-03-20,19:57:00,CREDIT CARD,440.2,4.761904762,22.01,9.6,Quarta-feira
280,136-08-6195,ALEX,YANGON,NORMAL,FEMALE,HOME AND LIFESTYLE,69.96,8,27.984,587.664,2019-02-15,17:01:00,CREDIT CARD,559.68,4.761904762,27.984,6.4,Sexta-feira
281,523-38-0215,GIZA,NAYPYITAW,NORMAL,MALE,HOME AND LIFESTYLE,37.0,1,1.85,38.85,2019-03-06,13:29:00,CREDIT CARD,37.0,4.761904762,1.85,7.9,Quarta-feira
282,490-29-1201,ALEX,YANGON,NORMAL,FEMALE,SPORTS AND TRAVEL,15.34,1,0.767,16.107,2019-01-06,11:09:00,CASH,15.34,4.761904762,0.767,6.5,Domingo
283,667-92-0055,ALEX,YANGON,MEMBER,MALE,HEALTH AND BEAUTY,99.83,6,29.949,628.929,2019-03-04,15:02:00,EWALLET,598.98,4.761904762,29.949,8.5,Segunda-feira
284,565-17-3836,ALEX,YANGON,MEMBER,FEMALE,HEALTH AND BEAUTY,47.67,4,9.534,200.214,2019-03-12,14:21:00,CASH,190.68,4.761904762,9.534,9.1,Terça-feira
285,498-41-1961,CAIRO,MANDALAY,NORMAL,MALE,HEALTH AND BEAUTY,66.68,5,16.67,350.07,2019-02-20,18:01:00,CASH,333.4,4.761904762,16.67,7.6,Quarta-feira
286,593-95-4461,GIZA,NAYPYITAW,MEMBER,MALE,HOME AND LIFESTYLE,74.86,1,3.743,78.603,2019-03-24,14:49:00,CASH,74.86,4.761904762,3.743,6.9,Domingo
287,226-71-3580,GIZA,NAYPYITAW,NORMAL,FEMALE,SPORTS AND TRAVEL,23.75,9,10.6875,224.4375,2019-01-31,12:02:00,CASH,213.75,4.761904762,10.6875,9.5,Quinta-feira
288,283-79-9594,CAIRO,MANDALAY,NORMAL,FEMALE,FOOD AND BEVERAGES,48.51,7,16.9785,356.5485,2019-01-25,13:30:00,CREDIT CARD,339.57,4.761904762,16.9785,5.2,Sexta-feira
289,430-60-3493,ALEX,YANGON,MEMBER,FEMALE,HOME AND LIFESTYLE,94.88,7,33.208,697.368,2019-02-03,14:38:00,CASH,664.16,4.761904762,33.208,4.2,Domingo
290,139-20-0155,CAIRO,MANDALAY,MEMBER,MALE,ELECTRONIC ACCESSORIES,40.3,10,20.15,423.15,2019-01-24,17:37:00,CREDIT CARD,403.0,4.761904762,20.15,7.0,Quinta-feira
291,558-80-4082,GIZA,NAYPYITAW,NORMAL,MALE,ELECTRONIC ACCESSORIES,27.85,7,9.7475,204.6975,2019-03-14,17:20:00,EWALLET,194.95,4.761904762,9.7475,6.0,Quinta-feira
292,278-97-7759,ALEX,YANGON,MEMBER,FEMALE,ELECTRONIC ACCESSORIES,62.48,1,3.124,65.604,2019-02-18,20:29:00,CASH,62.48,4.761904762,3.124,4.7,Segunda-feira
293,316-68-6352,ALEX,YANGON,MEMBER,FEMALE,FOOD AND BEVERAGES,36.36,2,3.636,76.356,2019-01-21,10:00:00,CASH,72.72,4.761904762,3.636,7.1,Segunda-feira
294,585-03-5943,CAIRO,MANDALAY,NORMAL,MALE,HEALTH AND BEAUTY,18.11,10,9.055,190.155,2019-03-13,11:46:00,EWALLET,181.1,4.761904762,9.055,5.9,Quarta-feira
295,211-05-0490,GIZA,NAYPYITAW,MEMBER,FEMALE,ELECTRONIC ACCESSORIES,51.92,5,12.98,272.58,2019-03-03,13:42:00,CASH,259.6,4.761904762,12.98,7.5,Domingo
296,727-75-6477,GIZA,NAYPYITAW,NORMAL,MALE,ELECTRONIC ACCESSORIES,28.84,4,5.768,121.128,2019-03-29,14:44:00,CASH,115.36,4.761904762,5.768,6.4,Sexta-feira
297,744-02-5987,ALEX,YANGON,MEMBER,MALE,HOME AND LIFESTYLE,78.38,6,23.514,493.794,2019-01-10,14:16:00,EWALLET,470.28,4.761904762,23.514,5.8,Quinta-feira
298,307-83-9164,ALEX,YANGON,MEMBER,MALE,HOME AND LIFESTYLE,60.01,4,12.002,252.042,2019-01-25,15:54:00,CASH,240.04,4.761904762,12.002,4.5,Sexta-feira
299,779-06-0012,GIZA,NAYPYITAW,MEMBER,FEMALE,HOME AND LIFESTYLE,88.61,1,4.4305,93.0405,2019-01-19,10:21:00,CASH,88.61,4.761904762,4.4305,7.7,Sábado
300,446-47-6729,GIZA,NAYPYITAW,NORMAL,MALE,FASHION ACCESSORIES,99.82,2,9.982,209.622,2019-01-02,18:09:00,CREDIT CARD,199.64,4.761904762,9.982,6.7,Quarta-feira
301,573-10-3877,CAIRO,MANDALAY,MEMBER,MALE,HEALTH AND BEAUTY,39.01,1,1.9505,40.9605,2019-03-12,16:46:00,CREDIT CARD,39.01,4.761904762,1.9505,4.7,Terça-feira
302,735-06-4124,GIZA,NAYPYITAW,NORMAL,MALE,FOOD AND BEVERAGES,48.61,1,2.4305,51.0405,2019-02-25,15:31:00,CASH,48.61,4.761904762,2.4305,4.4,Segunda-feira
303,439-54-7422,ALEX,YANGON,NORMAL,FEMALE,ELECTRONIC ACCESSORIES,51.19,4,10.238,214.998,2019-03-18,17:15:00,CREDIT CARD,204.76,4.761904762,10.238,4.7,Segunda-feira
304,396-90-2219,CAIRO,MANDALAY,NORMAL,FEMALE,ELECTRONIC ACCESSORIES,14.96,8,5.984,125.664,2019-02-23,12:29:00,CASH,119.68,4.761904762,5.984,8.6,Sábado
305,411-77-0180,ALEX,YANGON,MEMBER,MALE,ELECTRONIC ACCESSORIES,72.2,7,25.27,530.67,2019-03-26,20:14:00,EWALLET,505.4,4.761904762,25.27,4.3,Terça-feira
306,286-01-5402,ALEX,YANGON,NORMAL,FEMALE,SPORTS AND TRAVEL,40.23,7,14.0805,295.6905,2019-03-30,13:22:00,CASH,281.61,4.761904762,14.0805,9.6,Sábado
307,803-17-8013,ALEX,YANGON,MEMBER,FEMALE,HOME AND LIFESTYLE,88.79,8,35.516,745.836,2019-02-17,17:09:00,CASH,710.32,4.761904762,35.516,4.1,Domingo
308,512-98-1403,ALEX,YANGON,MEMBER,FEMALE,ELECTRONIC ACCESSORIES,26.48,3,3.972,83.412,2019-03-21,10:40:00,EWALLET,79.44,4.761904762,3.972,4.7,Quinta-feira
309,848-42-2560,ALEX,YANGON,NORMAL,FEMALE,FASHION ACCESSORIES,81.91,2,8.191,172.011,2019-03-05,17:43:00,CASH,163.82,4.761904762,8.191,7.8,Terça-feira
310,532-59-7201,CAIRO,MANDALAY,MEMBER,MALE,SPORTS AND TRAVEL,79.93,6,23.979,503.559,2019-01-31,14:04:00,CASH,479.58,4.761904762,23.979,5.5,Quinta-feira
311,181-94-6432,GIZA,NAYPYITAW,MEMBER,MALE,FASHION ACCESSORIES,69.33,2,6.933,145.593,2019-02-05,19:05:00,EWALLET,138.66,4.761904762,6.933,9.7,Terça-feira
312,870-76-1733,ALEX,YANGON,MEMBER,FEMALE,FOOD AND BEVERAGES,14.23,5,3.5575,74.7075,2019-02-01,10:08:00,CREDIT CARD,71.15,4.761904762,3.5575,4.4,Sexta-feira
313,423-64-4619,ALEX,YANGON,MEMBER,FEMALE,HEALTH AND BEAUTY,15.55,9,6.9975,146.9475,2019-03-07,13:12:00,CASH,139.95,4.761904762,6.9975,5.0,Quinta-feira
314,227-07-4446,GIZA,NAYPYITAW,MEMBER,FEMALE,ELECTRONIC ACCESSORIES,78.13,10,39.065,820.365,2019-02-10,20:51:00,CASH,781.3,4.761904762,39.065,4.4,Domingo
315,174-36-3675,GIZA,NAYPYITAW,MEMBER,MALE,FOOD AND BEVERAGES,99.37,2,9.937,208.677,2019-02-14,17:29:00,CASH,198.74,4.761904762,9.937,5.2,Quinta-feira
316,428-83-5800,GIZA,NAYPYITAW,MEMBER,FEMALE,FOOD AND BEVERAGES,21.08,3,3.162,66.402,2019-02-09,10:25:00,CASH,63.24,4.761904762,3.162,7.3,Sábado
317,603-07-0961,GIZA,NAYPYITAW,MEMBER,MALE,ELECTRONIC ACCESSORIES,74.79,5,18.6975,392.6475,2019-01-10,11:34:00,CASH,373.95,4.761904762,18.6975,4.9,Quinta-feira
318,704-20-4138,GIZA,NAYPYITAW,MEMBER,FEMALE,HEALTH AND BEAUTY,29.67,7,10.3845,218.0745,2019-03-11,18:58:00,CREDIT CARD,207.69,4.761904762,10.3845,8.1,Segunda-feira
319,787-15-1757,GIZA,NAYPYITAW,MEMBER,MALE,HEALTH AND BEAUTY,44.07,4,8.814,185.094,2019-02-18,16:28:00,EWALLET,176.28,4.761904762,8.814,8.4,Segunda-feira
320,649-11-3678,GIZA,NAYPYITAW,NORMAL,FEMALE,FOOD AND BEVERAGES,22.93,9,10.3185,216.6885,2019-02-26,20:26:00,CASH,206.37,4.761904762,10.3185,5.5,Terça-feira
321,622-20-1945,GIZA,NAYPYITAW,NORMAL,FEMALE,HEALTH AND BEAUTY,39.42,1,1.971,41.391,2019-01-18,15:08:00,CASH,39.42,4.761904762,1.971,8.4,Sexta-feira
322,372-94-8041,ALEX,YANGON,NORMAL,MALE,HEALTH AND BEAUTY,15.26,6,4.578,96.138,2019-02-15,18:03:00,EWALLET,91.56,4.761904762,4.578,9.8,Sexta-feira
323,563-91-7120,ALEX,YANGON,NORMAL,FEMALE,FASHION ACCESSORIES,61.77,5,15.4425,324.2925,2019-03-08,13:21:00,CASH,308.85,4.761904762,15.4425,6.7,Sexta-feira
324,746-54-5508,ALEX,YANGON,NORMAL,MALE,HOME AND LIFESTYLE,21.52,6,6.456,135.576,2019-01-17,12:48:00,CREDIT CARD,129.12,4.761904762,6.456,9.4,Quinta-feira
325,276-54-0879,CAIRO,MANDALAY,NORMAL,MALE,SPORTS AND TRAVEL,97.74,4,19.548,410.508,2019-03-12,19:53:00,EWALLET,390.96,4.761904762,19.548,6.4,Terça-feira
326,815-11-1168,ALEX,YANGON,MEMBER,MALE,FOOD AND BEVERAGES,99.78,5,24.945,523.845,2019-03-09,19:09:00,CASH,498.9,4.761904762,24.945,5.4,Sábado
327,719-76-3868,GIZA,NAYPYITAW,MEMBER,MALE,FOOD AND BEVERAGES,94.26,4,18.852,395.892,2019-03-12,16:30:00,CASH,377.04,4.761904762,18.852,8.6,Terça-feira
328,730-61-8757,CAIRO,MANDALAY,MEMBER,MALE,HEALTH AND BEAUTY,51.13,4,10.226,214.746,2019-01-25,10:11:00,CREDIT CARD,204.52,4.761904762,10.226,4.0,Sexta-feira
329,340-66-0321,ALEX,YANGON,MEMBER,MALE,ELECTRONIC ACCESSORIES,36.36,4,7.272,152.712,2019-03-25,13:07:00,CASH,145.44,4.761904762,7.272,7.6,Segunda-feira
330,868-81-1752,CAIRO,MANDALAY,NORMAL,MALE,HOME AND LIFESTYLE,22.02,9,9.909,208.089,2019-02-07,18:48:00,CASH,198.18,4.761904762,9.909,6.8,Quinta-feira
331,634-97-8956,ALEX,YANGON,NORMAL,MALE,FOOD AND BEVERAGES,32.9,3,4.935,103.635,2019-02-17,17:27:00,CREDIT CARD,98.7,4.761904762,4.935,9.1,Domingo
332,566-71-1091,ALEX,YANGON,NORMAL,MALE,FASHION ACCESSORIES,77.02,5,19.255,404.355,2019-02-03,15:59:00,CASH,385.1,4.761904762,19.255,5.5,Domingo
333,442-48-3607,ALEX,YANGON,MEMBER,MALE,FOOD AND BEVERAGES,23.48,2,2.348,49.308,2019-03-14,11:21:00,CREDIT CARD,46.96,4.761904762,2.348,7.9,Quinta-feira
334,835-16-0096,GIZA,NAYPYITAW,MEMBER,MALE,SPORTS AND TRAVEL,14.7,5,3.675,77.175,2019-03-24,13:48:00,EWALLET,73.5,4.761904762,3.675,8.5,Domingo
335,527-09-6272,ALEX,YANGON,MEMBER,FEMALE,ELECTRONIC ACCESSORIES,28.45,5,7.1125,149.3625,2019-03-21,10:17:00,CREDIT CARD,142.25,4.761904762,7.1125,9.1,Quinta-feira
336,898-04-2717,ALEX,YANGON,NORMAL,MALE,FASHION ACCESSORIES,76.4,9,34.38,721.98,2019-03-19,15:49:00,EWALLET,687.6,4.761904762,34.38,7.5,Terça-feira
337,692-27-8933,CAIRO,MANDALAY,NORMAL,FEMALE,SPORTS AND TRAVEL,57.95,6,17.385,365.085,2019-02-24,13:02:00,CASH,347.7,4.761904762,17.385,5.2,Domingo
338,633-09-3463,GIZA,NAYPYITAW,NORMAL,FEMALE,ELECTRONIC ACCESSORIES,47.65,3,7.1475,150.0975,2019-03-28,12:58:00,CREDIT CARD,142.95,4.761904762,7.1475,9.5,Quinta-feira
339,374-17-3652,CAIRO,MANDALAY,MEMBER,FEMALE,FOOD AND BEVERAGES,42.82,9,19.269,404.649,2019-02-05,15:26:00,CREDIT CARD,385.38,4.761904762,19.269,8.9,Terça-feira
340,378-07-7001,CAIRO,MANDALAY,MEMBER,MALE,ELECTRONIC ACCESSORIES,48.09,3,7.2135,151.4835,2019-02-10,18:23:00,CREDIT CARD,144.27,4.761904762,7.2135,7.8,Domingo
341,433-75-6987,CAIRO,MANDALAY,MEMBER,FEMALE,HEALTH AND BEAUTY,55.97,7,19.5895,411.3795,2019-03-05,19:06:00,EWALLET,391.79,4.761904762,19.5895,8.9,Terça-feira
342,873-95-4984,CAIRO,MANDALAY,MEMBER,FEMALE,HEALTH AND BEAUTY,76.9,7,26.915,565.215,2019-02-15,20:21:00,CASH,538.3,4.761904762,26.915,7.7,Sexta-feira
343,416-13-5917,GIZA,NAYPYITAW,NORMAL,FEMALE,FOOD AND BEVERAGES,97.03,5,24.2575,509.4075,2019-01-30,16:24:00,EWALLET,485.15,4.761904762,24.2575,9.3,Quarta-feira
344,150-89-8043,ALEX,YANGON,NORMAL,MALE,SPORTS AND TRAVEL,44.65,3,6.6975,140.6475,2019-02-14,15:04:00,CASH,133.95,4.761904762,6.6975,6.2,Quinta-feira
345,135-84-8019,ALEX,YANGON,NORMAL,FEMALE,FASHION ACCESSORIES,77.93,9,35.0685,736.4385,2019-02-27,16:10:00,EWALLET,701.37,4.761904762,35.0685,7.6,Quarta-feira
346,441-94-7118,ALEX,YANGON,MEMBER,MALE,ELECTRONIC ACCESSORIES,71.95,1,3.5975,75.5475,2019-02-04,12:14:00,CASH,71.95,4.761904762,3.5975,7.3,Segunda-feira
347,725-96-3778,GIZA,NAYPYITAW,MEMBER,FEMALE,HOME AND LIFESTYLE,89.25,8,35.7,749.7,2019-01-20,10:13:00,CASH,714.0,4.761904762,35.7,4.7,Domingo
348,531-80-1784,ALEX,YANGON,NORMAL,MALE,ELECTRONIC ACCESSORIES,26.02,7,9.107,191.247,2019-03-28,17:38:00,CASH,182.14,4.761904762,9.107,5.1,Quinta-feira
349,400-45-1220,CAIRO,MANDALAY,NORMAL,FEMALE,HEALTH AND BEAUTY,13.5,10,6.75,141.75,2019-02-27,11:06:00,CREDIT CARD,135.0,4.761904762,6.75,4.8,Quarta-feira
350,860-79-0874,GIZA,NAYPYITAW,MEMBER,FEMALE,FASHION ACCESSORIES,99.3,10,49.65,1042.65,2019-02-15,14:53:00,CREDIT CARD,993.0,4.761904762,49.65,6.6,Sexta-feira
351,834-61-8124,ALEX,YANGON,NORMAL,MALE,ELECTRONIC ACCESSORIES,51.69,7,18.0915,379.9215,2019-01-26,18:22:00,CASH,361.83,4.761904762,18.0915,5.5,Sábado
352,115-99-4379,CAIRO,MANDALAY,MEMBER,FEMALE,FASHION ACCESSORIES,54.73,7,19.1555,402.2655,2019-03-14,19:02:00,CREDIT CARD,383.11,4.761904762,19.1555,8.5,Quinta-feira
353,565-67-6697,CAIRO,MANDALAY,MEMBER,MALE,HOME AND LIFESTYLE,27.0,9,12.15,255.15,2019-03-02,14:16:00,CASH,243.0,4.761904762,12.15,4.8,Sábado
354,320-49-6392,GIZA,NAYPYITAW,NORMAL,FEMALE,ELECTRONIC ACCESSORIES,30.24,1,1.512,31.752,2019-03-04,15:44:00,CASH,30.24,4.761904762,1.512,8.4,Segunda-feira
355,889-04-9723,CAIRO,MANDALAY,MEMBER,FEMALE,FOOD AND BEVERAGES,89.14,4,17.828,374.388,2019-01-07,12:20:00,CREDIT CARD,356.56,4.761904762,17.828,7.8,Segunda-feira
356,632-90-0281,GIZA,NAYPYITAW,NORMAL,FEMALE,FASHION ACCESSORIES,37.55,10,18.775,394.275,2019-03-08,20:01:00,CREDIT CARD,375.5,4.761904762,18.775,9.3,Sexta-feira
357,554-42-2417,GIZA,NAYPYITAW,NORMAL,FEMALE,SPORTS AND TRAVEL,95.44,10,47.72,1002.12,2019-01-09,13:45:00,CASH,954.4,4.761904762,47.72,5.2,Quarta-feira
358,453-63-6187,CAIRO,MANDALAY,NORMAL,MALE,ELECTRONIC ACCESSORIES,27.5,3,4.125,86.625,2019-03-01,15:40:00,EWALLET,82.5,4.761904762,4.125,6.5,Sexta-feira
359,578-80-7669,CAIRO,MANDALAY,NORMAL,MALE,SPORTS AND TRAVEL,74.97,1,3.7485,78.7185,2019-03-16,16:58:00,CASH,74.97,4.761904762,3.7485,5.6,Sábado
360,612-36-5536,ALEX,YANGON,MEMBER,MALE,FOOD AND BEVERAGES,80.96,8,32.384,680.064,2019-02-17,11:12:00,CREDIT CARD,647.68,4.761904762,32.384,7.4,Domingo
361,605-72-4132,GIZA,NAYPYITAW,NORMAL,FEMALE,FOOD AND BEVERAGES,94.47,8,37.788,793.548,2019-02-27,15:12:00,CASH,755.76,4.761904762,37.788,9.1,Quarta-feira
362,471-41-2823,GIZA,NAYPYITAW,NORMAL,MALE,FOOD AND BEVERAGES,99.79,2,9.979,209.559,2019-03-07,20:37:00,EWALLET,199.58,4.761904762,9.979,8.0,Quinta-feira
363,462-67-9126,ALEX,YANGON,NORMAL,MALE,HOME AND LIFESTYLE,73.22,6,21.966,461.286,2019-01-21,17:44:00,CASH,439.32,4.761904762,21.966,7.2,Segunda-feira
364,272-27-9238,GIZA,NAYPYITAW,NORMAL,FEMALE,FOOD AND BEVERAGES,41.24,4,8.248,173.208,2019-02-19,16:23:00,CASH,164.96,4.761904762,8.248,7.1,Terça-feira
365,834-25-9262,GIZA,NAYPYITAW,NORMAL,FEMALE,FASHION ACCESSORIES,81.68,4,16.336,343.056,2019-01-06,12:12:00,CASH,326.72,4.761904762,16.336,9.1,Domingo
366,122-61-9553,GIZA,NAYPYITAW,NORMAL,FEMALE,ELECTRONIC ACCESSORIES,51.32,9,23.094,484.974,2019-03-14,19:33:00,CASH,461.88,4.761904762,23.094,5.6,Quinta-feira
367,468-88-0009,ALEX,YANGON,MEMBER,MALE,HOME AND LIFESTYLE,65.94,4,13.188,276.948,2019-03-24,10:29:00,CASH,263.76,4.761904762,13.188,6.0,Domingo
368,613-59-9758,GIZA,NAYPYITAW,NORMAL,FEMALE,SPORTS AND TRAVEL,14.36,10,7.18,150.78,2019-01-27,14:28:00,CASH,143.6,4.761904762,7.18,5.4,Domingo
369,254-31-0042,ALEX,YANGON,MEMBER,MALE,ELECTRONIC ACCESSORIES,21.5,9,9.675,203.175,2019-03-06,12:46:00,CREDIT CARD,193.5,4.761904762,9.675,7.8,Quarta-feira
370,201-86-2184,CAIRO,MANDALAY,MEMBER,FEMALE,ELECTRONIC ACCESSORIES,26.26,7,9.191,193.011,2019-02-02,19:40:00,CASH,183.82,4.761904762,9.191,9.9,Sábado
371,261-12-8671,CAIRO,MANDALAY,NORMAL,FEMALE,FASHION ACCESSORIES,60.96,2,6.096,128.016,2019-01-25,19:39:00,CREDIT CARD,121.92,4.761904762,6.096,4.9,Sexta-feira
372,730-70-9830,GIZA,NAYPYITAW,NORMAL,FEMALE,HOME AND LIFESTYLE,70.11,6,21.033,441.693,2019-03-14,17:54:00,EWALLET,420.66,4.761904762,21.033,5.2,Quinta-feira
373,382-25-8917,GIZA,NAYPYITAW,NORMAL,MALE,FASHION ACCESSORIES,42.08,6,12.624,265.104,2019-01-29,12:25:00,CASH,252.48,4.761904762,12.624,8.9,Terça-feira
374,422-29-8786,ALEX,YANGON,NORMAL,FEMALE,HOME AND LIFESTYLE,67.09,5,16.7725,352.2225,2019-01-03,16:47:00,CREDIT CARD,335.45,4.761904762,16.7725,9.1,Quinta-feira
375,667-23-5919,ALEX,YANGON,MEMBER,FEMALE,FASHION ACCESSORIES,96.7,5,24.175,507.675,2019-01-14,12:52:00,EWALLET,483.5,4.761904762,24.175,7.0,Segunda-feira
376,843-01-4703,CAIRO,MANDALAY,MEMBER,FEMALE,HOME AND LIFESTYLE,35.38,9,15.921,334.341,2019-01-05,19:50:00,CREDIT CARD,318.42,4.761904762,15.921,9.6,Sábado
377,743-88-1662,GIZA,NAYPYITAW,NORMAL,MALE,SPORTS AND TRAVEL,95.49,7,33.4215,701.8515,2019-02-22,18:17:00,EWALLET,668.43,4.761904762,33.4215,8.7,Sexta-feira
378,595-86-2894,GIZA,NAYPYITAW,MEMBER,MALE,FASHION ACCESSORIES,96.98,4,19.396,407.316,2019-02-06,17:20:00,EWALLET,387.92,4.761904762,19.396,9.4,Quarta-feira
379,182-69-8360,CAIRO,MANDALAY,NORMAL,FEMALE,ELECTRONIC ACCESSORIES,23.65,4,4.73,99.33,2019-01-30,13:32:00,CREDIT CARD,94.6,4.761904762,4.73,4.0,Quarta-feira
380,289-15-7034,ALEX,YANGON,MEMBER,MALE,SPORTS AND TRAVEL,82.33,4,16.466,345.786,2019-01-11,10:37:00,CREDIT CARD,329.32,4.761904762,16.466,7.5,Sexta-feira
381,462-78-5240,GIZA,NAYPYITAW,NORMAL,FEMALE,ELECTRONIC ACCESSORIES,26.61,2,2.661,55.881,2019-03-19,14:35:00,CASH,53.22,4.761904762,2.661,4.2,Terça-feira
382,868-52-7573,CAIRO,MANDALAY,NORMAL,FEMALE,FOOD AND BEVERAGES,99.69,5,24.9225,523.3725,2019-01-14,12:09:00,CASH,498.45,4.761904762,24.9225,9.9,Segunda-feira
383,153-58-4872,GIZA,NAYPYITAW,MEMBER,FEMALE,FOOD AND BEVERAGES,74.89,4,14.978,314.538,2019-03-01,15:32:00,EWALLET,299.56,4.761904762,14.978,4.2,Sexta-feira
384,662-72-2873,ALEX,YANGON,NORMAL,FEMALE,FOOD AND BEVERAGES,40.94,5,10.235,214.935,2019-01-06,13:58:00,EWALLET,204.7,4.761904762,10.235,9.9,Domingo
385,525-88-7307,CAIRO,MANDALAY,MEMBER,MALE,SPORTS AND TRAVEL,75.82,1,3.791,79.611,2019-01-31,13:19:00,CASH,75.82,4.761904762,3.791,5.8,Quinta-feira
386,689-16-9784,GIZA,NAYPYITAW,NORMAL,MALE,FOOD AND BEVERAGES,46.77,6,14.031,294.651,2019-03-11,13:37:00,CASH,280.62,4.761904762,14.031,6.0,Segunda-feira
387,725-56-0833,ALEX,YANGON,NORMAL,FEMALE,HEALTH AND BEAUTY,32.32,10,16.16,339.36,2019-02-20,16:49:00,CREDIT CARD,323.2,4.761904762,16.16,10.0,Quarta-feira
388,394-41-0748,GIZA,NAYPYITAW,MEMBER,FEMALE,FASHION ACCESSORIES,54.07,9,24.3315,510.9615,2019-01-27,14:55:00,EWALLET,486.63,4.761904762,24.3315,9.5,Domingo
389,596-42-3999,CAIRO,MANDALAY,NORMAL,MALE,FOOD AND BEVERAGES,18.22,7,6.377,133.917,2019-03-10,14:04:00,CREDIT CARD,127.54,4.761904762,6.377,6.6,Domingo
390,541-89-9860,GIZA,NAYPYITAW,MEMBER,FEMALE,FASHION ACCESSORIES,80.48,3,12.072,253.512,2019-02-15,12:31:00,CASH,241.44,4.761904762,12.072,8.1,Sexta-feira
391,173-82-9529,CAIRO,MANDALAY,NORMAL,FEMALE,FASHION ACCESSORIES,37.95,10,18.975,398.475,2019-01-26,14:51:00,CASH,379.5,4.761904762,18.975,9.7,Sábado
392,563-36-9814,ALEX,YANGON,MEMBER,MALE,ELECTRONIC ACCESSORIES,76.82,1,3.841,80.661,2019-02-13,18:27:00,EWALLET,76.82,4.761904762,3.841,7.2,Quarta-feira
393,308-47-4913,ALEX,YANGON,MEMBER,FEMALE,SPORTS AND TRAVEL,52.26,10,26.13,548.73,2019-03-09,12:45:00,CREDIT CARD,522.6,4.761904762,26.13,6.2,Sábado
394,885-17-6250,ALEX,YANGON,NORMAL,FEMALE,HEALTH AND BEAUTY,79.74,1,3.987,83.727,2019-03-06,10:36:00,EWALLET,79.74,4.761904762,3.987,7.3,Quarta-feira
395,726-27-2396,ALEX,YANGON,NORMAL,FEMALE,HEALTH AND BEAUTY,77.5,5,19.375,406.875,2019-01-24,20:36:00,EWALLET,387.5,4.761904762,19.375,4.3,Quinta-feira
396,316-01-3952,ALEX,YANGON,NORMAL,FEMALE,FOOD AND BEVERAGES,54.27,5,13.5675,284.9175,2019-03-13,14:16:00,EWALLET,271.35,4.761904762,13.5675,4.6,Quarta-feira
397,760-54-1821,CAIRO,MANDALAY,NORMAL,MALE,HOME AND LIFESTYLE,13.59,9,6.1155,128.4255,2019-03-15,10:26:00,CASH,122.31,4.761904762,6.1155,5.8,Sexta-feira
398,793-10-3222,CAIRO,MANDALAY,MEMBER,FEMALE,HEALTH AND BEAUTY,41.06,6,12.318,258.678,2019-03-05,13:30:00,CREDIT CARD,246.36,4.761904762,12.318,8.3,Terça-feira
399,346-12-3257,CAIRO,MANDALAY,MEMBER,MALE,ELECTRONIC ACCESSORIES,19.24,9,8.658,181.818,2019-03-04,16:28:00,CASH,173.16,4.761904762,8.658,8.0,Segunda-feira
400,110-05-6330,GIZA,NAYPYITAW,NORMAL,FEMALE,FOOD AND BEVERAGES,39.43,6,11.829,248.409,2019-03-25,20:18:00,CREDIT CARD,236.58,4.761904762,11.829,9.4,Segunda-feira
401,651-61-0874,GIZA,NAYPYITAW,NORMAL,MALE,HOME AND LIFESTYLE,46.22,4,9.244,194.124,2019-03-12,20:04:00,CREDIT CARD,184.88,4.761904762,9.244,6.2,Terça-feira
402,236-86-3015,GIZA,NAYPYITAW,MEMBER,MALE,HOME AND LIFESTYLE,13.98,1,0.699,14.679,2019-02-04,13:38:00,EWALLET,13.98,4.761904762,0.699,9.8,Segunda-feira
403,831-64-0259,CAIRO,MANDALAY,NORMAL,FEMALE,FASHION ACCESSORIES,39.75,5,9.9375,208.6875,2019-02-22,10:43:00,EWALLET,198.75,4.761904762,9.9375,9.6,Sexta-feira
404,587-03-7455,GIZA,NAYPYITAW,MEMBER,FEMALE,FASHION ACCESSORIES,97.79,7,34.2265,718.7565,2019-02-16,17:30:00,EWALLET,684.53,4.761904762,34.2265,4.9,Sábado
405,882-40-4577,ALEX,YANGON,MEMBER,MALE,SPORTS AND TRAVEL,67.26,4,13.452,282.492,2019-01-19,15:28:00,CREDIT CARD,269.04,4.761904762,13.452,8.0,Sábado
406,732-67-5346,ALEX,YANGON,NORMAL,MALE,FOOD AND BEVERAGES,13.79,5,3.4475,72.3975,2019-01-11,19:07:00,CREDIT CARD,68.95,4.761904762,3.4475,7.8,Sexta-feira
407,725-32-9708,CAIRO,MANDALAY,MEMBER,FEMALE,FASHION ACCESSORIES,68.71,4,13.742,288.582,2019-01-04,19:01:00,CASH,274.84,4.761904762,13.742,4.1,Sexta-feira
408,256-08-8343,ALEX,YANGON,NORMAL,FEMALE,HOME AND LIFESTYLE,56.53,4,11.306,237.426,2019-03-04,19:48:00,EWALLET,226.12,4.761904762,11.306,5.5,Segunda-feira
409,372-26-1506,GIZA,NAYPYITAW,NORMAL,FEMALE,FASHION ACCESSORIES,23.82,5,5.955,125.055,2019-01-28,19:24:00,EWALLET,119.1,4.761904762,5.955,5.4,Segunda-feira
410,244-08-0162,CAIRO,MANDALAY,NORMAL,FEMALE,HEALTH AND BEAUTY,34.21,10,17.105,359.205,2019-01-02,13:00:00,CASH,342.1,4.761904762,17.105,5.1,Quarta-feira
411,569-71-4390,CAIRO,MANDALAY,NORMAL,MALE,SPORTS AND TRAVEL,21.87,2,2.187,45.927,2019-01-25,14:29:00,EWALLET,43.74,4.761904762,2.187,6.9,Sexta-feira
412,132-23-6451,ALEX,YANGON,MEMBER,MALE,HEALTH AND BEAUTY,20.97,5,5.2425,110.0925,2019-01-04,13:21:00,CASH,104.85,4.761904762,5.2425,7.8,Sexta-feira
413,696-90-2548,ALEX,YANGON,NORMAL,MALE,SPORTS AND TRAVEL,25.84,3,3.876,81.396,2019-03-10,18:55:00,EWALLET,77.52,4.761904762,3.876,6.6,Domingo
414,472-15-9636,ALEX,YANGON,NORMAL,MALE,HOME AND LIFESTYLE,50.93,8,20.372,427.812,2019-03-22,19:36:00,EWALLET,407.44,4.761904762,20.372,9.2,Sexta-feira
415,268-03-6164,CAIRO,MANDALAY,NORMAL,MALE,HEALTH AND BEAUTY,96.11,1,4.8055,100.9155,2019-01-25,16:28:00,EWALLET,96.11,4.761904762,4.8055,7.8,Sexta-feira
416,750-57-9686,GIZA,NAYPYITAW,NORMAL,FEMALE,HOME AND LIFESTYLE,45.38,4,9.076,190.596,2019-01-08,13:48:00,CREDIT CARD,181.52,4.761904762,9.076,8.7,Terça-feira
417,186-09-3669,GIZA,NAYPYITAW,MEMBER,FEMALE,HEALTH AND BEAUTY,81.51,1,4.0755,85.5855,2019-01-22,10:57:00,EWALLET,81.51,4.761904762,4.0755,9.2,Terça-feira
418,848-07-1692,CAIRO,MANDALAY,NORMAL,FEMALE,HEALTH AND BEAUTY,57.22,2,5.722,120.162,2019-01-12,17:13:00,EWALLET,114.44,4.761904762,5.722,8.3,Sábado
419,745-71-3520,ALEX,YANGON,MEMBER,FEMALE,ELECTRONIC ACCESSORIES,25.22,7,8.827,185.367,2019-02-04,10:23:00,CASH,176.54,4.761904762,8.827,8.2,Segunda-feira
420,266-76-6436,GIZA,NAYPYITAW,MEMBER,FEMALE,FOOD AND BEVERAGES,38.6,3,5.79,121.59,2019-03-28,13:57:00,EWALLET,115.8,4.761904762,5.79,7.5,Quinta-feira
421,740-22-2500,GIZA,NAYPYITAW,NORMAL,FEMALE,ELECTRONIC ACCESSORIES,84.05,3,12.6075,264.7575,2019-01-23,13:29:00,CASH,252.15,4.761904762,12.6075,9.8,Quarta-feira
422,271-88-8734,GIZA,NAYPYITAW,MEMBER,FEMALE,FASHION ACCESSORIES,97.21,10,48.605,1020.705,2019-02-08,13:00:00,CREDIT CARD,972.1,4.761904762,48.605,8.7,Sexta-feira
423,301-81-8610,CAIRO,MANDALAY,MEMBER,MALE,FASHION ACCESSORIES,25.42,8,10.168,213.528,2019-03-19,19:42:00,CREDIT CARD,203.36,4.761904762,10.168,6.7,Terça-feira
424,489-64-4354,GIZA,NAYPYITAW,NORMAL,MALE,FASHION ACCESSORIES,16.28,1,0.814,17.094,2019-03-09,15:36:00,CASH,16.28,4.761904762,0.814,5.0,Sábado
425,198-84-7132,CAIRO,MANDALAY,MEMBER,MALE,FASHION ACCESSORIES,40.61,9,18.2745,383.7645,2019-01-02,13:40:00,CASH,365.49,4.761904762,18.2745,7.0,Quarta-feira
426,269-10-8440,ALEX,YANGON,MEMBER,MALE,HEALTH AND BEAUTY,53.17,7,18.6095,390.7995,2019-01-21,18:01:00,CASH,372.19,4.761904762,18.6095,8.9,Segunda-feira
427,650-98-6268,CAIRO,MANDALAY,MEMBER,FEMALE,FOOD AND BEVERAGES,20.87,3,3.1305,65.7405,2019-03-20,13:53:00,CREDIT CARD,62.61,4.761904762,3.1305,8.0,Quarta-feira
428,741-73-3559,CAIRO,MANDALAY,NORMAL,MALE,SPORTS AND TRAVEL,67.27,5,16.8175,353.1675,2019-02-27,17:27:00,CASH,336.35,4.761904762,16.8175,6.9,Quarta-feira
429,325-77-6186,ALEX,YANGON,MEMBER,FEMALE,HOME AND LIFESTYLE,90.65,10,45.325,951.825,2019-03-08,10:53:00,EWALLET,906.5,4.761904762,45.325,7.3,Sexta-feira
430,286-75-7818,CAIRO,MANDALAY,NORMAL,MALE,FASHION ACCESSORIES,69.08,2,6.908,145.068,2019-01-31,19:48:00,CREDIT CARD,138.16,4.761904762,6.908,6.9,Quinta-feira
431,574-57-9721,GIZA,NAYPYITAW,NORMAL,MALE,FOOD AND BEVERAGES,43.27,2,4.327,90.867,2019-03-08,16:53:00,EWALLET,86.54,4.761904762,4.327,5.7,Sexta-feira
432,459-50-7686,ALEX,YANGON,NORMAL,FEMALE,ELECTRONIC ACCESSORIES,23.46,6,7.038,147.798,2019-01-13,19:14:00,EWALLET,140.76,4.761904762,7.038,6.4,Domingo
433,616-87-0016,CAIRO,MANDALAY,NORMAL,MALE,FASHION ACCESSORIES,95.54,7,33.439,702.219,2019-03-09,14:36:00,CREDIT CARD,668.78,4.761904762,33.439,9.6,Sábado
434,837-55-7229,CAIRO,MANDALAY,NORMAL,FEMALE,FASHION ACCESSORIES,47.44,1,2.372,49.812,2019-02-22,18:19:00,CREDIT CARD,47.44,4.761904762,2.372,6.8,Sexta-feira
435,751-69-0068,GIZA,NAYPYITAW,NORMAL,MALE,SPORTS AND TRAVEL,99.24,9,44.658,937.818,2019-03-19,19:09:00,EWALLET,893.16,4.761904762,44.658,9.0,Terça-feira
436,257-73-1380,GIZA,NAYPYITAW,MEMBER,MALE,SPORTS AND TRAVEL,82.93,4,16.586,348.306,2019-01-20,16:51:00,EWALLET,331.72,4.761904762,16.586,9.6,Domingo
437,345-08-4992,ALEX,YANGON,NORMAL,MALE,HOME AND LIFESTYLE,33.99,6,10.197,214.137,2019-03-08,15:37:00,CREDIT CARD,203.94,4.761904762,10.197,7.7,Sexta-feira
438,549-96-4200,GIZA,NAYPYITAW,MEMBER,MALE,FOOD AND BEVERAGES,17.04,4,3.408,71.568,2019-03-08,20:15:00,EWALLET,68.16,4.761904762,3.408,7.0,Sexta-feira
439,810-60-6344,GIZA,NAYPYITAW,NORMAL,FEMALE,ELECTRONIC ACCESSORIES,40.86,8,16.344,343.224,2019-02-07,14:38:00,CREDIT CARD,326.88,4.761904762,16.344,6.5,Quinta-feira
440,450-28-2866,GIZA,NAYPYITAW,MEMBER,MALE,FOOD AND BEVERAGES,17.44,5,4.36,91.56,2019-01-15,19:25:00,CASH,87.2,4.761904762,4.36,8.1,Terça-feira
441,394-30-3170,CAIRO,MANDALAY,MEMBER,FEMALE,SPORTS AND TRAVEL,88.43,8,35.372,742.812,2019-03-22,19:35:00,CREDIT CARD,707.44,4.761904762,35.372,4.3,Sexta-feira
442,138-17-5109,ALEX,YANGON,MEMBER,FEMALE,HOME AND LIFESTYLE,89.21,9,40.1445,843.0345,2019-01-15,15:42:00,CREDIT CARD,802.89,4.761904762,40.1445,6.5,Terça-feira
443,192-98-7397,GIZA,NAYPYITAW,NORMAL,MALE,FASHION ACCESSORIES,12.78,1,0.639,13.419,2019-01-08,14:11:00,EWALLET,12.78,4.761904762,0.639,9.5,Terça-feira
444,301-11-9629,ALEX,YANGON,NORMAL,FEMALE,SPORTS AND TRAVEL,19.1,7,6.685,140.385,2019-01-15,10:43:00,CASH,133.7,4.761904762,6.685,9.7,Terça-feira
445,390-80-5128,CAIRO,MANDALAY,MEMBER,FEMALE,HEALTH AND BEAUTY,19.15,1,0.9575,20.1075,2019-01-28,17:58:00,CREDIT CARD,19.15,4.761904762,0.9575,9.5,Segunda-feira
446,235-46-8343,GIZA,NAYPYITAW,MEMBER,MALE,FOOD AND BEVERAGES,27.66,10,13.83,290.43,2019-02-14,11:26:00,CREDIT CARD,276.6,4.761904762,13.83,8.9,Quinta-feira
447,453-12-7053,GIZA,NAYPYITAW,NORMAL,MALE,FASHION ACCESSORIES,45.74,3,6.861,144.081,2019-03-10,17:38:00,CREDIT CARD,137.22,4.761904762,6.861,6.5,Domingo
448,296-11-7041,CAIRO,MANDALAY,MEMBER,FEMALE,HEALTH AND BEAUTY,27.07,1,1.3535,28.4235,2019-01-12,20:07:00,CREDIT CARD,27.07,4.761904762,1.3535,5.3,Sábado
449,449-27-2918,CAIRO,MANDALAY,MEMBER,FEMALE,SPORTS AND TRAVEL,39.12,1,1.956,41.076,2019-03-26,11:02:00,CREDIT CARD,39.12,4.761904762,1.956,9.6,Terça-feira
450,891-01-7034,CAIRO,MANDALAY,NORMAL,FEMALE,ELECTRONIC ACCESSORIES,74.71,6,22.413,470.673,2019-01-01,19:07:00,CASH,448.26,4.761904762,22.413,6.7,Terça-feira
451,744-09-5786,CAIRO,MANDALAY,NORMAL,MALE,ELECTRONIC ACCESSORIES,22.01,6,6.603,138.663,2019-01-02,18:50:00,CASH,132.06,4.761904762,6.603,7.6,Quarta-feira
452,727-17-0390,ALEX,YANGON,NORMAL,FEMALE,FOOD AND BEVERAGES,63.61,5,15.9025,333.9525,2019-03-16,12:43:00,EWALLET,318.05,4.761904762,15.9025,4.8,Sábado
453,568-88-3448,ALEX,YANGON,NORMAL,MALE,HEALTH AND BEAUTY,25.0,1,1.25,26.25,2019-03-03,15:09:00,EWALLET,25.0,4.761904762,1.25,5.5,Domingo
454,187-83-5490,ALEX,YANGON,MEMBER,MALE,ELECTRONIC ACCESSORIES,20.77,4,4.154,87.234,2019-01-31,13:47:00,CASH,83.08,4.761904762,4.154,4.7,Quinta-feira
455,767-54-1907,CAIRO,MANDALAY,MEMBER,FEMALE,FASHION ACCESSORIES,29.56,5,7.39,155.19,2019-02-13,16:59:00,CASH,147.8,4.761904762,7.39,6.9,Quarta-feira
456,710-46-4433,CAIRO,MANDALAY,MEMBER,FEMALE,FOOD AND BEVERAGES,77.4,9,34.83,731.43,2019-02-15,14:15:00,CREDIT CARD,696.6,4.761904762,34.83,4.5,Sexta-feira
457,533-33-5337,CAIRO,MANDALAY,NORMAL,MALE,ELECTRONIC ACCESSORIES,79.39,10,39.695,833.595,2019-02-07,20:24:00,CASH,793.9,4.761904762,39.695,6.2,Quinta-feira
458,325-90-8763,GIZA,NAYPYITAW,MEMBER,FEMALE,ELECTRONIC ACCESSORIES,46.57,10,23.285,488.985,2019-01-27,13:58:00,CASH,465.7,4.761904762,23.285,7.6,Domingo
459,729-46-7422,GIZA,NAYPYITAW,NORMAL,MALE,FOOD AND BEVERAGES,35.89,1,1.7945,37.6845,2019-02-23,16:52:00,CREDIT CARD,35.89,4.761904762,1.7945,7.9,Sábado
460,639-76-1242,GIZA,NAYPYITAW,NORMAL,MALE,FOOD AND BEVERAGES,40.52,5,10.13,212.73,2019-02-03,15:19:00,CASH,202.6,4.761904762,10.13,4.5,Domingo
461,234-03-4040,CAIRO,MANDALAY,MEMBER,FEMALE,FOOD AND BEVERAGES,73.05,10,36.525,767.025,2019-03-03,12:25:00,CREDIT CARD,730.5,4.761904762,36.525,8.7,Domingo
462,326-71-2155,GIZA,NAYPYITAW,NORMAL,FEMALE,SPORTS AND TRAVEL,73.95,4,14.79,310.59,2019-02-03,10:02:00,CASH,295.8,4.761904762,14.79,6.1,Domingo
463,320-32-8842,GIZA,NAYPYITAW,MEMBER,FEMALE,FOOD AND BEVERAGES,22.62,1,1.131,23.751,2019-03-17,18:58:00,CASH,22.62,4.761904762,1.131,6.4,Domingo
464,470-32-9057,ALEX,YANGON,MEMBER,MALE,FOOD AND BEVERAGES,51.34,5,12.835,269.535,2019-03-28,15:31:00,CREDIT CARD,256.7,4.761904762,12.835,9.1,Quinta-feira
465,878-30-2331,GIZA,NAYPYITAW,MEMBER,FEMALE,SPORTS AND TRAVEL,54.55,10,27.275,572.775,2019-03-02,11:22:00,CREDIT CARD,545.5,4.761904762,27.275,7.1,Sábado
466,440-59-5691,GIZA,NAYPYITAW,MEMBER,FEMALE,HEALTH AND BEAUTY,37.15,7,13.0025,273.0525,2019-02-08,13:12:00,CREDIT CARD,260.05,4.761904762,13.0025,7.7,Sexta-feira
467,554-53-3790,CAIRO,MANDALAY,NORMAL,MALE,SPORTS AND TRAVEL,37.02,6,11.106,233.226,2019-03-22,18:33:00,CASH,222.12,4.761904762,11.106,4.5,Sexta-feira
468,746-19-0921,GIZA,NAYPYITAW,NORMAL,MALE,FOOD AND BEVERAGES,21.58,1,1.079,22.659,2019-02-09,10:02:00,EWALLET,21.58,4.761904762,1.079,7.2,Sábado
469,233-34-0817,GIZA,NAYPYITAW,MEMBER,FEMALE,ELECTRONIC ACCESSORIES,98.84,1,4.942,103.782,2019-02-15,11:21:00,CASH,98.84,4.761904762,4.942,8.4,Sexta-feira
470,767-05-1286,GIZA,NAYPYITAW,MEMBER,FEMALE,HOME AND LIFESTYLE,83.77,6,25.131,527.751,2019-01-23,12:10:00,EWALLET,502.62,4.761904762,25.131,5.4,Quarta-feira
471,340-21-9136,ALEX,YANGON,MEMBER,FEMALE,SPORTS AND TRAVEL,40.05,4,8.01,168.21,2019-01-25,11:40:00,CASH,160.2,4.761904762,8.01,9.7,Sexta-feira
472,405-31-3305,ALEX,YANGON,MEMBER,MALE,FASHION ACCESSORIES,43.13,10,21.565,452.865,2019-02-02,18:31:00,CREDIT CARD,431.3,4.761904762,21.565,5.5,Sábado
473,731-59-7531,CAIRO,MANDALAY,MEMBER,MALE,HEALTH AND BEAUTY,72.57,8,29.028,609.588,2019-03-30,17:58:00,CASH,580.56,4.761904762,29.028,4.6,Sábado
474,676-39-6028,ALEX,YANGON,MEMBER,FEMALE,ELECTRONIC ACCESSORIES,64.44,5,16.11,338.31,2019-03-30,17:04:00,CASH,322.2,4.761904762,16.11,6.6,Sábado
475,502-05-1910,ALEX,YANGON,NORMAL,MALE,HEALTH AND BEAUTY,65.18,3,9.777,205.317,2019-02-25,20:35:00,CREDIT CARD,195.54,4.761904762,9.777,6.3,Segunda-feira
476,485-30-8700,ALEX,YANGON,NORMAL,FEMALE,SPORTS AND TRAVEL,33.26,5,8.315,174.615,2019-03-18,16:10:00,CREDIT CARD,166.3,4.761904762,8.315,4.2,Segunda-feira
477,598-47-9715,GIZA,NAYPYITAW,NORMAL,MALE,ELECTRONIC ACCESSORIES,84.07,4,16.814,353.094,2019-03-07,16:54:00,EWALLET,336.28,4.761904762,16.814,4.4,Quinta-feira
478,701-69-8742,CAIRO,MANDALAY,NORMAL,MALE,SPORTS AND TRAVEL,34.37,10,17.185,360.885,2019-03-16,10:11:00,EWALLET,343.7,4.761904762,17.185,6.7,Sábado
479,575-67-1508,ALEX,YANGON,NORMAL,MALE,ELECTRONIC ACCESSORIES,38.6,1,1.93,40.53,2019-01-29,11:26:00,EWALLET,38.6,4.761904762,1.93,6.7,Terça-feira
480,541-08-3113,GIZA,NAYPYITAW,NORMAL,MALE,FOOD AND BEVERAGES,65.97,8,26.388,554.148,2019-02-02,20:29:00,CASH,527.76,4.761904762,26.388,8.4,Sábado
481,246-11-3901,GIZA,NAYPYITAW,NORMAL,FEMALE,ELECTRONIC ACCESSORIES,32.8,10,16.4,344.4,2019-02-15,12:12:00,CASH,328.0,4.761904762,16.4,6.2,Sexta-feira
482,674-15-9296,ALEX,YANGON,NORMAL,MALE,SPORTS AND TRAVEL,37.14,5,9.285,194.985,2019-01-08,13:05:00,EWALLET,185.7,4.761904762,9.285,5.0,Terça-feira
483,305-18-3552,CAIRO,MANDALAY,MEMBER,MALE,HOME AND LIFESTYLE,60.38,10,30.19,633.99,2019-02-12,16:19:00,CASH,603.8,4.761904762,30.19,6.0,Terça-feira
484,493-65-6248,GIZA,NAYPYITAW,MEMBER,FEMALE,SPORTS AND TRAVEL,36.98,10,18.49,388.29,2019-01-01,19:48:00,CREDIT CARD,369.8,4.761904762,18.49,7.0,Terça-feira
485,438-01-4015,CAIRO,MANDALAY,MEMBER,FEMALE,SPORTS AND TRAVEL,49.49,4,9.898,207.858,2019-03-21,15:25:00,EWALLET,197.96,4.761904762,9.898,6.6,Quinta-feira
486,709-58-4068,CAIRO,MANDALAY,NORMAL,FEMALE,FASHION ACCESSORIES,41.09,10,20.545,431.445,2019-02-28,14:42:00,CASH,410.9,4.761904762,20.545,7.3,Quinta-feira
487,795-49-7276,ALEX,YANGON,NORMAL,MALE,FASHION ACCESSORIES,37.15,4,7.43,156.03,2019-03-23,18:59:00,EWALLET,148.6,4.761904762,7.43,8.3,Sábado
488,556-72-8512,GIZA,NAYPYITAW,NORMAL,MALE,HOME AND LIFESTYLE,22.96,1,1.148,24.108,2019-01-30,20:47:00,CASH,22.96,4.761904762,1.148,4.3,Quarta-feira
489,627-95-3243,CAIRO,MANDALAY,MEMBER,FEMALE,HOME AND LIFESTYLE,77.68,9,34.956,734.076,2019-02-04,13:21:00,EWALLET,699.12,4.761904762,34.956,9.8,Segunda-feira
490,686-41-0932,CAIRO,MANDALAY,NORMAL,FEMALE,FASHION ACCESSORIES,34.7,2,3.47,72.87,2019-03-13,19:48:00,EWALLET,69.4,4.761904762,3.47,8.2,Quarta-feira
491,510-09-5628,ALEX,YANGON,MEMBER,FEMALE,FASHION ACCESSORIES,19.66,10,9.83,206.43,2019-03-15,18:20:00,CREDIT CARD,196.6,4.761904762,9.83,7.2,Sexta-feira
492,608-04-3797,CAIRO,MANDALAY,MEMBER,FEMALE,HEALTH AND BEAUTY,25.32,8,10.128,212.688,2019-03-05,20:24:00,EWALLET,202.56,4.761904762,10.128,8.7,Terça-feira
493,148-82-2527,GIZA,NAYPYITAW,MEMBER,FEMALE,HOME AND LIFESTYLE,12.12,10,6.06,127.26,2019-03-05,13:44:00,CREDIT CARD,121.2,4.761904762,6.06,8.4,Terça-feira
494,437-53-3084,CAIRO,MANDALAY,NORMAL,MALE,FASHION ACCESSORIES,99.89,2,9.989,209.769,2019-02-26,11:48:00,EWALLET,199.78,4.761904762,9.989,7.1,Terça-feira
495,632-32-4574,CAIRO,MANDALAY,NORMAL,MALE,SPORTS AND TRAVEL,75.92,8,30.368,637.728,2019-03-20,14:14:00,CASH,607.36,4.761904762,30.368,5.5,Quarta-feira
496,556-97-7101,GIZA,NAYPYITAW,NORMAL,FEMALE,ELECTRONIC ACCESSORIES,63.22,2,6.322,132.762,2019-01-01,15:51:00,CASH,126.44,4.761904762,6.322,8.5,Terça-feira
497,862-59-8517,GIZA,NAYPYITAW,NORMAL,FEMALE,FOOD AND BEVERAGES,90.24,6,27.072,568.512,2019-01-27,11:17:00,CASH,541.44,4.761904762,27.072,6.2,Domingo
498,401-18-8016,CAIRO,MANDALAY,MEMBER,FEMALE,SPORTS AND TRAVEL,98.13,1,4.9065,103.0365,2019-01-21,17:36:00,CASH,98.13,4.761904762,4.9065,8.9,Segunda-feira
499,420-18-8989,ALEX,YANGON,MEMBER,FEMALE,SPORTS AND TRAVEL,51.52,8,20.608,432.768,2019-02-02,15:47:00,CASH,412.16,4.761904762,20.608,9.6,Sábado
500,277-63-2961,CAIRO,MANDALAY,MEMBER,MALE,SPORTS AND TRAVEL,73.97,1,3.6985,77.6685,2019-02-03,15:53:00,CREDIT CARD,73.97,4.761904762,3.6985,5.4,Domingo
501,573-98-8548,GIZA,NAYPYITAW,MEMBER,FEMALE,FASHION ACCESSORIES,31.9,1,1.595,33.495,2019-01-05,12:40:00,EWALLET,31.9,4.761904762,1.595,9.1,Sábado
502,620-02-2046,GIZA,NAYPYITAW,NORMAL,MALE,HOME AND LIFESTYLE,69.4,2,6.94,145.74,2019-01-27,19:48:00,EWALLET,138.8,4.761904762,6.94,9.0,Domingo
503,282-35-2475,CAIRO,MANDALAY,NORMAL,FEMALE,SPORTS AND TRAVEL,93.31,2,9.331,195.951,2019-03-25,17:53:00,CASH,186.62,4.761904762,9.331,6.3,Segunda-feira
504,511-54-3087,CAIRO,MANDALAY,NORMAL,MALE,SPORTS AND TRAVEL,88.45,1,4.4225,92.8725,2019-02-25,16:36:00,CREDIT CARD,88.45,4.761904762,4.4225,9.5,Segunda-feira
505,726-29-6793,ALEX,YANGON,MEMBER,MALE,ELECTRONIC ACCESSORIES,24.18,8,9.672,203.112,2019-01-28,20:54:00,EWALLET,193.44,4.761904762,9.672,9.8,Segunda-feira
506,387-49-4215,CAIRO,MANDALAY,MEMBER,FEMALE,SPORTS AND TRAVEL,48.5,3,7.275,152.775,2019-01-08,12:50:00,CASH,145.5,4.761904762,7.275,6.7,Terça-feira
507,862-17-9201,CAIRO,MANDALAY,NORMAL,FEMALE,FOOD AND BEVERAGES,84.05,6,25.215,529.515,2019-01-29,10:48:00,CREDIT CARD,504.3,4.761904762,25.215,7.7,Terça-feira
508,291-21-5991,CAIRO,MANDALAY,MEMBER,MALE,HEALTH AND BEAUTY,61.29,5,15.3225,321.7725,2019-03-29,14:28:00,CASH,306.45,4.761904762,15.3225,7.0,Sexta-feira
509,602-80-9671,GIZA,NAYPYITAW,MEMBER,FEMALE,HOME AND LIFESTYLE,15.95,6,4.785,100.485,2019-02-09,17:15:00,CREDIT CARD,95.7,4.761904762,4.785,5.1,Sábado
510,347-72-6115,CAIRO,MANDALAY,MEMBER,FEMALE,SPORTS AND TRAVEL,90.74,7,31.759,666.939,2019-01-16,18:03:00,CREDIT CARD,635.18,4.761904762,31.759,6.2,Quarta-feira
511,209-61-0206,ALEX,YANGON,NORMAL,FEMALE,HOME AND LIFESTYLE,42.91,5,10.7275,225.2775,2019-01-05,17:29:00,EWALLET,214.55,4.761904762,10.7275,6.1,Sábado
512,595-27-4851,ALEX,YANGON,NORMAL,FEMALE,FASHION ACCESSORIES,54.28,7,18.998,398.958,2019-01-27,18:05:00,EWALLET,379.96,4.761904762,18.998,9.3,Domingo
513,189-52-0236,ALEX,YANGON,NORMAL,MALE,ELECTRONIC ACCESSORIES,99.55,7,34.8425,731.6925,2019-03-14,12:07:00,CASH,696.85,4.761904762,34.8425,7.6,Quinta-feira
514,503-07-0930,GIZA,NAYPYITAW,MEMBER,MALE,SPORTS AND TRAVEL,58.39,7,20.4365,429.1665,2019-02-23,19:49:00,CREDIT CARD,408.73,4.761904762,20.4365,8.2,Sábado
515,413-20-6708,GIZA,NAYPYITAW,MEMBER,FEMALE,FASHION ACCESSORIES,51.47,1,2.5735,54.0435,2019-03-18,15:52:00,EWALLET,51.47,4.761904762,2.5735,8.5,Segunda-feira
516,425-85-2085,CAIRO,MANDALAY,MEMBER,MALE,HEALTH AND BEAUTY,54.86,5,13.715,288.015,2019-03-29,16:48:00,EWALLET,274.3,4.761904762,13.715,9.8,Sexta-feira
517,521-18-7827,GIZA,NAYPYITAW,MEMBER,MALE,HOME AND LIFESTYLE,39.39,5,9.8475,206.7975,2019-01-22,20:46:00,CREDIT CARD,196.95,4.761904762,9.8475,8.7,Terça-feira
518,220-28-1851,ALEX,YANGON,NORMAL,MALE,HOME AND LIFESTYLE,34.73,2,3.473,72.933,2019-03-01,18:14:00,EWALLET,69.46,4.761904762,3.473,9.7,Sexta-feira
519,600-38-9738,GIZA,NAYPYITAW,MEMBER,MALE,SPORTS AND TRAVEL,71.92,5,17.98,377.58,2019-01-17,15:05:00,CREDIT CARD,359.6,4.761904762,17.98,4.3,Quinta-feira
520,734-91-1155,CAIRO,MANDALAY,NORMAL,FEMALE,ELECTRONIC ACCESSORIES,45.71,3,6.8565,143.9865,2019-03-26,10:34:00,CREDIT CARD,137.13,4.761904762,6.8565,7.7,Terça-feira
521,451-28-5717,GIZA,NAYPYITAW,MEMBER,FEMALE,HOME AND LIFESTYLE,83.17,6,24.951,523.971,2019-03-20,11:23:00,CASH,499.02,4.761904762,24.951,7.3,Quarta-feira
522,609-81-8548,ALEX,YANGON,MEMBER,FEMALE,HOME AND LIFESTYLE,37.44,6,11.232,235.872,2019-02-06,13:55:00,CREDIT CARD,224.64,4.761904762,11.232,5.9,Quarta-feira
523,133-14-7229,GIZA,NAYPYITAW,NORMAL,MALE,HEALTH AND BEAUTY,62.87,2,6.287,132.027,2019-01-01,11:43:00,CASH,125.74,4.761904762,6.287,5.0,Terça-feira
524,534-01-4457,ALEX,YANGON,NORMAL,MALE,FOOD AND BEVERAGES,81.71,6,24.513,514.773,2019-01-27,14:36:00,CREDIT CARD,490.26,4.761904762,24.513,8.0,Domingo
525,719-89-8991,ALEX,YANGON,MEMBER,FEMALE,SPORTS AND TRAVEL,91.41,5,22.8525,479.9025,2019-02-25,16:03:00,EWALLET,457.05,4.761904762,22.8525,7.1,Segunda-feira
526,286-62-6248,CAIRO,MANDALAY,NORMAL,MALE,FASHION ACCESSORIES,39.21,4,7.842,164.682,2019-01-16,20:03:00,CREDIT CARD,156.84,4.761904762,7.842,9.0,Quarta-feira
527,339-38-9982,CAIRO,MANDALAY,MEMBER,MALE,FASHION ACCESSORIES,59.86,2,5.986,125.706,2019-01-13,14:55:00,EWALLET,119.72,4.761904762,5.986,6.7,Domingo
528,827-44-5872,CAIRO,MANDALAY,MEMBER,FEMALE,FOOD AND BEVERAGES,54.36,10,27.18,570.78,2019-02-07,11:28:00,CREDIT CARD,543.6,4.761904762,27.18,6.1,Quinta-feira
529,827-77-7633,ALEX,YANGON,NORMAL,MALE,SPORTS AND TRAVEL,98.09,9,44.1405,926.9505,2019-02-17,19:41:00,CASH,882.81,4.761904762,44.1405,9.3,Domingo
530,287-83-1405,ALEX,YANGON,NORMAL,MALE,HEALTH AND BEAUTY,25.43,6,7.629,160.209,2019-02-12,19:01:00,EWALLET,152.58,4.761904762,7.629,7.0,Terça-feira
531,435-13-4908,ALEX,YANGON,MEMBER,MALE,FASHION ACCESSORIES,86.68,8,34.672,728.112,2019-01-24,18:04:00,CREDIT CARD,693.44,4.761904762,34.672,7.2,Quinta-feira
532,857-67-9057,CAIRO,MANDALAY,NORMAL,MALE,ELECTRONIC ACCESSORIES,22.95,10,11.475,240.975,2019-02-06,19:20:00,EWALLET,229.5,4.761904762,11.475,8.2,Quarta-feira
533,236-27-1144,GIZA,NAYPYITAW,NORMAL,FEMALE,FOOD AND BEVERAGES,16.31,9,7.3395,154.1295,2019-03-26,10:31:00,EWALLET,146.79,4.761904762,7.3395,8.4,Terça-feira
534,892-05-6689,ALEX,YANGON,NORMAL,FEMALE,HOME AND LIFESTYLE,28.32,5,7.08,148.68,2019-03-11,13:28:00,EWALLET,141.6,4.761904762,7.08,6.2,Segunda-feira
535,583-41-4548,GIZA,NAYPYITAW,NORMAL,MALE,HOME AND LIFESTYLE,16.67,7,5.8345,122.5245,2019-02-07,11:36:00,EWALLET,116.69,4.761904762,5.8345,7.4,Quinta-feira
536,339-12-4827,CAIRO,MANDALAY,MEMBER,FEMALE,FASHION ACCESSORIES,73.96,1,3.698,77.658,2019-01-05,11:32:00,CREDIT CARD,73.96,4.761904762,3.698,5.0,Sábado
537,643-38-7867,ALEX,YANGON,NORMAL,MALE,HOME AND LIFESTYLE,97.94,1,4.897,102.837,2019-03-07,11:44:00,EWALLET,97.94,4.761904762,4.897,6.9,Quinta-feira
538,308-81-0538,ALEX,YANGON,NORMAL,FEMALE,FASHION ACCESSORIES,73.05,4,14.61,306.81,2019-02-25,17:16:00,CREDIT CARD,292.2,4.761904762,14.61,4.9,Segunda-feira
539,358-88-9262,GIZA,NAYPYITAW,MEMBER,FEMALE,FOOD AND BEVERAGES,87.48,6,26.244,551.124,2019-02-01,18:43:00,EWALLET,524.88,4.761904762,26.244,5.1,Sexta-feira
540,460-35-4390,ALEX,YANGON,NORMAL,MALE,HOME AND LIFESTYLE,30.68,3,4.602,96.642,2019-01-22,11:00:00,EWALLET,92.04,4.761904762,4.602,9.1,Terça-feira
541,343-87-0864,GIZA,NAYPYITAW,MEMBER,MALE,HEALTH AND BEAUTY,75.88,1,3.794,79.674,2019-01-03,10:30:00,CREDIT CARD,75.88,4.761904762,3.794,7.1,Quinta-feira
542,173-50-1108,CAIRO,MANDALAY,MEMBER,FEMALE,SPORTS AND TRAVEL,20.18,4,4.036,84.756,2019-02-13,12:14:00,CREDIT CARD,80.72,4.761904762,4.036,5.0,Quarta-feira
543,243-47-2663,GIZA,NAYPYITAW,MEMBER,MALE,ELECTRONIC ACCESSORIES,18.77,6,5.631,118.251,2019-01-28,16:43:00,CREDIT CARD,112.62,4.761904762,5.631,5.5,Segunda-feira
544,841-18-8232,CAIRO,MANDALAY,NORMAL,FEMALE,FOOD AND BEVERAGES,71.2,1,3.56,74.76,2019-01-05,20:40:00,CREDIT CARD,71.2,4.761904762,3.56,9.2,Sábado
545,701-23-5550,CAIRO,MANDALAY,MEMBER,MALE,HOME AND LIFESTYLE,38.81,4,7.762,163.002,2019-03-19,13:40:00,EWALLET,155.24,4.761904762,7.762,4.9,Terça-feira
546,647-50-1224,ALEX,YANGON,NORMAL,FEMALE,FASHION ACCESSORIES,29.42,10,14.71,308.91,2019-01-12,16:23:00,EWALLET,294.2,4.761904762,14.71,8.9,Sábado
547,541-48-8554,ALEX,YANGON,NORMAL,MALE,SPORTS AND TRAVEL,60.95,9,27.4275,575.9775,2019-01-07,12:08:00,CREDIT CARD,548.55,4.761904762,27.4275,6.0,Segunda-feira
548,539-21-7227,CAIRO,MANDALAY,NORMAL,FEMALE,SPORTS AND TRAVEL,51.54,5,12.885,270.585,2019-01-26,17:45:00,CASH,257.7,4.761904762,12.885,4.2,Sábado
549,213-32-1216,ALEX,YANGON,NORMAL,FEMALE,ELECTRONIC ACCESSORIES,66.06,6,19.818,416.178,2019-01-23,10:28:00,CASH,396.36,4.761904762,19.818,7.3,Quarta-feira
550,747-58-7183,CAIRO,MANDALAY,NORMAL,MALE,FASHION ACCESSORIES,57.27,3,8.5905,180.4005,2019-02-09,20:31:00,EWALLET,171.81,4.761904762,8.5905,6.5,Sábado
551,582-52-8065,CAIRO,MANDALAY,NORMAL,FEMALE,FASHION ACCESSORIES,54.31,9,24.4395,513.2295,2019-02-22,10:49:00,CASH,488.79,4.761904762,24.4395,8.9,Sexta-feira
552,210-57-1719,CAIRO,MANDALAY,NORMAL,FEMALE,HEALTH AND BEAUTY,58.24,9,26.208,550.368,2019-02-05,12:34:00,CASH,524.16,4.761904762,26.208,9.7,Terça-feira
553,399-69-4630,GIZA,NAYPYITAW,NORMAL,MALE,ELECTRONIC ACCESSORIES,22.21,6,6.663,139.923,2019-03-07,10:23:00,CREDIT CARD,133.26,4.761904762,6.663,8.6,Quinta-feira
554,134-75-2619,ALEX,YANGON,MEMBER,MALE,ELECTRONIC ACCESSORIES,19.32,7,6.762,142.002,2019-03-25,18:51:00,CASH,135.24,4.761904762,6.762,6.9,Segunda-feira
555,356-44-8813,CAIRO,MANDALAY,NORMAL,MALE,HOME AND LIFESTYLE,37.48,3,5.622,118.062,2019-01-20,13:45:00,CREDIT CARD,112.44,4.761904762,5.622,7.7,Domingo
556,198-66-9832,CAIRO,MANDALAY,MEMBER,FEMALE,FASHION ACCESSORIES,72.04,2,7.204,151.284,2019-02-04,19:38:00,CASH,144.08,4.761904762,7.204,9.5,Segunda-feira
557,283-26-5248,GIZA,NAYPYITAW,MEMBER,FEMALE,FOOD AND BEVERAGES,98.52,10,49.26,1034.46,2019-01-30,20:23:00,EWALLET,985.2,4.761904762,49.26,4.5,Quarta-feira
558,712-39-0363,ALEX,YANGON,MEMBER,MALE,FOOD AND BEVERAGES,41.66,6,12.498,262.458,2019-01-02,15:24:00,EWALLET,249.96,4.761904762,12.498,5.6,Quarta-feira
559,218-59-9410,ALEX,YANGON,MEMBER,FEMALE,HOME AND LIFESTYLE,72.42,3,10.863,228.123,2019-03-29,16:54:00,EWALLET,217.26,4.761904762,10.863,8.2,Sexta-feira
560,174-75-0888,CAIRO,MANDALAY,NORMAL,MALE,ELECTRONIC ACCESSORIES,21.58,9,9.711,203.931,2019-03-14,12:32:00,CASH,194.22,4.761904762,9.711,7.3,Quinta-feira
561,866-99-7614,GIZA,NAYPYITAW,NORMAL,MALE,FOOD AND BEVERAGES,89.2,10,44.6,936.6,2019-02-11,15:42:00,CREDIT CARD,892.0,4.761904762,44.6,4.4,Segunda-feira
562,134-54-4720,CAIRO,MANDALAY,NORMAL,FEMALE,ELECTRONIC ACCESSORIES,42.42,8,16.968,356.328,2019-01-30,13:58:00,EWALLET,339.36,4.761904762,16.968,5.7,Quarta-feira
563,760-90-2357,ALEX,YANGON,MEMBER,MALE,ELECTRONIC ACCESSORIES,74.51,6,22.353,469.413,2019-03-20,15:08:00,EWALLET,447.06,4.761904762,22.353,5.0,Quarta-feira
564,514-37-2845,CAIRO,MANDALAY,NORMAL,MALE,FASHION ACCESSORIES,99.25,2,9.925,208.425,2019-03-20,13:02:00,CASH,198.5,4.761904762,9.925,9.0,Quarta-feira
565,698-98-5964,ALEX,YANGON,NORMAL,FEMALE,FOOD AND BEVERAGES,81.21,10,40.605,852.705,2019-01-17,13:01:00,CREDIT CARD,812.1,4.761904762,40.605,6.3,Quinta-feira
566,718-57-9773,GIZA,NAYPYITAW,NORMAL,FEMALE,SPORTS AND TRAVEL,49.33,10,24.665,517.965,2019-02-03,16:40:00,CREDIT CARD,493.3,4.761904762,24.665,9.4,Domingo
567,651-88-7328,ALEX,YANGON,NORMAL,FEMALE,FASHION ACCESSORIES,65.74,9,29.583,621.243,2019-01-01,13:55:00,CASH,591.66,4.761904762,29.583,7.7,Terça-feira
568,241-11-2261,CAIRO,MANDALAY,NORMAL,FEMALE,FASHION ACCESSORIES,79.86,7,27.951,586.971,2019-01-10,10:33:00,CREDIT CARD,559.02,4.761904762,27.951,5.5,Quinta-feira
569,408-26-9866,GIZA,NAYPYITAW,NORMAL,FEMALE,SPORTS AND TRAVEL,73.98,7,25.893,543.753,2019-03-02,16:42:00,EWALLET,517.86,4.761904762,25.893,4.1,Sábado
570,834-83-1826,CAIRO,MANDALAY,MEMBER,FEMALE,HOME AND LIFESTYLE,82.04,5,20.51,430.71,2019-02-25,17:16:00,CREDIT CARD,410.2,4.761904762,20.51,7.6,Segunda-feira
571,343-61-3544,CAIRO,MANDALAY,MEMBER,MALE,SPORTS AND TRAVEL,26.67,10,13.335,280.035,2019-01-29,11:48:00,CASH,266.7,4.761904762,13.335,8.6,Terça-feira
572,239-48-4278,ALEX,YANGON,MEMBER,MALE,FOOD AND BEVERAGES,10.13,7,3.5455,74.4555,2019-03-10,19:35:00,EWALLET,70.91,4.761904762,3.5455,8.3,Domingo
573,355-34-6244,CAIRO,MANDALAY,NORMAL,MALE,FOOD AND BEVERAGES,72.39,2,7.239,152.019,2019-01-13,19:55:00,CREDIT CARD,144.78,4.761904762,7.239,8.1,Domingo
574,550-84-8664,ALEX,YANGON,NORMAL,MALE,SPORTS AND TRAVEL,85.91,5,21.4775,451.0275,2019-03-22,14:33:00,CREDIT CARD,429.55,4.761904762,21.4775,8.6,Sexta-feira
575,339-96-8318,CAIRO,MANDALAY,MEMBER,MALE,FASHION ACCESSORIES,81.31,7,28.4585,597.6285,2019-03-01,19:49:00,EWALLET,569.17,4.761904762,28.4585,6.3,Sexta-feira
576,458-61-0011,CAIRO,MANDALAY,NORMAL,MALE,FOOD AND BEVERAGES,60.3,4,12.06,253.26,2019-02-20,18:43:00,CASH,241.2,4.761904762,12.06,5.8,Quarta-feira
577,592-34-6155,GIZA,NAYPYITAW,NORMAL,MALE,FOOD AND BEVERAGES,31.77,4,6.354,133.434,2019-01-14,14:43:00,EWALLET,127.08,4.761904762,6.354,6.2,Segunda-feira
578,797-88-0493,ALEX,YANGON,NORMAL,FEMALE,HEALTH AND BEAUTY,64.27,4,12.854,269.934,2019-03-26,13:54:00,CASH,257.08,4.761904762,12.854,7.7,Terça-feira
579,207-73-1363,CAIRO,MANDALAY,NORMAL,MALE,HEALTH AND BEAUTY,69.51,2,6.951,145.971,2019-03-01,12:15:00,EWALLET,139.02,4.761904762,6.951,8.1,Sexta-feira
580,390-31-6381,GIZA,NAYPYITAW,NORMAL,MALE,FOOD AND BEVERAGES,27.22,3,4.083,85.743,2019-01-07,12:37:00,CASH,81.66,4.761904762,4.083,7.3,Segunda-feira
581,443-82-0585,ALEX,YANGON,MEMBER,FEMALE,HEALTH AND BEAUTY,77.68,4,15.536,326.256,2019-02-01,19:54:00,CASH,310.72,4.761904762,15.536,8.4,Sexta-feira
582,339-18-7061,GIZA,NAYPYITAW,MEMBER,FEMALE,FASHION ACCESSORIES,92.98,2,9.298,195.258,2019-02-13,15:06:00,CREDIT CARD,185.96,4.761904762,9.298,8.0,Quarta-feira
583,359-90-3665,CAIRO,MANDALAY,MEMBER,FEMALE,FASHION ACCESSORIES,18.08,4,3.616,75.936,2019-01-14,18:03:00,CREDIT CARD,72.32,4.761904762,3.616,9.5,Segunda-feira
584,375-72-3056,CAIRO,MANDALAY,NORMAL,MALE,SPORTS AND TRAVEL,63.06,3,9.459,198.639,2019-01-19,15:58:00,EWALLET,189.18,4.761904762,9.459,7.0,Sábado
585,127-47-6963,ALEX,YANGON,NORMAL,MALE,HEALTH AND BEAUTY,51.71,4,10.342,217.182,2019-03-09,13:53:00,CREDIT CARD,206.84,4.761904762,10.342,9.8,Sábado
586,278-86-2735,ALEX,YANGON,NORMAL,FEMALE,FOOD AND BEVERAGES,52.34,3,7.851,164.871,2019-03-27,14:03:00,CASH,157.02,4.761904762,7.851,9.2,Quarta-feira
587,695-28-6250,ALEX,YANGON,NORMAL,FEMALE,SPORTS AND TRAVEL,43.06,5,10.765,226.065,2019-02-04,16:38:00,EWALLET,215.3,4.761904762,10.765,7.7,Segunda-feira
588,379-17-6588,GIZA,NAYPYITAW,NORMAL,MALE,FASHION ACCESSORIES,59.61,10,29.805,625.905,2019-03-14,11:07:00,CASH,596.1,4.761904762,29.805,5.3,Quinta-feira
589,227-50-3718,ALEX,YANGON,NORMAL,MALE,HEALTH AND BEAUTY,14.62,5,3.655,76.755,2019-03-04,12:23:00,CASH,73.1,4.761904762,3.655,4.4,Segunda-feira
590,302-15-2162,GIZA,NAYPYITAW,MEMBER,MALE,HEALTH AND BEAUTY,46.53,6,13.959,293.139,2019-03-03,10:54:00,CREDIT CARD,279.18,4.761904762,13.959,4.3,Domingo
591,788-07-8452,GIZA,NAYPYITAW,MEMBER,FEMALE,HOME AND LIFESTYLE,24.24,7,8.484,178.164,2019-01-27,17:38:00,EWALLET,169.68,4.761904762,8.484,9.4,Domingo
592,560-49-6611,ALEX,YANGON,MEMBER,FEMALE,SPORTS AND TRAVEL,45.58,1,2.279,47.859,2019-02-07,14:13:00,CASH,45.58,4.761904762,2.279,9.8,Quinta-feira
593,880-35-0356,ALEX,YANGON,MEMBER,FEMALE,SPORTS AND TRAVEL,75.2,3,11.28,236.88,2019-02-05,11:51:00,EWALLET,225.6,4.761904762,11.28,4.8,Terça-feira
594,585-11-6748,CAIRO,MANDALAY,MEMBER,MALE,SPORTS AND TRAVEL,96.8,3,14.52,304.92,2019-03-15,13:05:00,CASH,290.4,4.761904762,14.52,5.3,Sexta-feira
595,470-31-3286,CAIRO,MANDALAY,NORMAL,MALE,HEALTH AND BEAUTY,14.82,3,2.223,46.683,2019-03-01,11:30:00,CREDIT CARD,44.46,4.761904762,2.223,8.7,Sexta-feira
596,152-68-2907,ALEX,YANGON,NORMAL,MALE,FOOD AND BEVERAGES,52.2,3,7.83,164.43,2019-02-15,13:30:00,CREDIT CARD,156.6,4.761904762,7.83,9.5,Sexta-feira
597,123-35-4896,GIZA,NAYPYITAW,NORMAL,FEMALE,SPORTS AND TRAVEL,46.66,9,20.997,440.937,2019-02-17,19:11:00,EWALLET,419.94,4.761904762,20.997,5.3,Domingo
598,258-69-7810,GIZA,NAYPYITAW,NORMAL,FEMALE,FASHION ACCESSORIES,36.85,5,9.2125,193.4625,2019-01-26,18:53:00,CASH,184.25,4.761904762,9.2125,9.2,Sábado
599,334-64-2006,ALEX,YANGON,MEMBER,FEMALE,HOME AND LIFESTYLE,70.32,2,7.032,147.672,2019-03-24,14:22:00,EWALLET,140.64,4.761904762,7.032,9.6,Domingo
600,219-61-4139,GIZA,NAYPYITAW,NORMAL,MALE,ELECTRONIC ACCESSORIES,83.08,1,4.154,87.234,2019-01-23,17:16:00,EWALLET,83.08,4.761904762,4.154,6.4,Quarta-feira
601,881-41-7302,GIZA,NAYPYITAW,NORMAL,FEMALE,FASHION ACCESSORIES,64.99,1,3.2495,68.2395,2019-01-26,10:06:00,CREDIT CARD,64.99,4.761904762,3.2495,4.5,Sábado
602,373-09-4567,GIZA,NAYPYITAW,NORMAL,MALE,FOOD AND BEVERAGES,77.56,10,38.78,814.38,2019-03-14,20:35:00,EWALLET,775.6,4.761904762,38.78,6.9,Quinta-feira
603,642-30-6693,CAIRO,MANDALAY,NORMAL,FEMALE,SPORTS AND TRAVEL,54.51,6,16.353,343.413,2019-03-17,13:54:00,EWALLET,327.06,4.761904762,16.353,7.8,Domingo
604,484-22-8230,GIZA,NAYPYITAW,MEMBER,FEMALE,FASHION ACCESSORIES,51.89,7,18.1615,381.3915,2019-01-08,20:08:00,CASH,363.23,4.761904762,18.1615,4.5,Terça-feira
605,830-58-2383,CAIRO,MANDALAY,NORMAL,MALE,HOME AND LIFESTYLE,31.75,4,6.35,133.35,2019-02-08,15:26:00,CASH,127.0,4.761904762,6.35,8.6,Sexta-feira
606,559-98-9873,ALEX,YANGON,MEMBER,FEMALE,FASHION ACCESSORIES,53.65,7,18.7775,394.3275,2019-02-10,12:56:00,EWALLET,375.55,4.761904762,18.7775,5.2,Domingo
607,544-32-5024,GIZA,NAYPYITAW,MEMBER,FEMALE,FOOD AND BEVERAGES,49.79,4,9.958,209.118,2019-03-28,19:16:00,CREDIT CARD,199.16,4.761904762,9.958,6.4,Quinta-feira
608,318-12-0304,ALEX,YANGON,NORMAL,MALE,FASHION ACCESSORIES,30.61,1,1.5305,32.1405,2019-01-23,12:20:00,EWALLET,30.61,4.761904762,1.5305,5.2,Quarta-feira
609,349-97-8902,CAIRO,MANDALAY,MEMBER,MALE,FOOD AND BEVERAGES,57.89,2,5.789,121.569,2019-01-17,10:37:00,EWALLET,115.78,4.761904762,5.789,8.9,Quinta-feira
610,421-95-9805,ALEX,YANGON,NORMAL,FEMALE,ELECTRONIC ACCESSORIES,28.96,1,1.448,30.408,2019-02-07,10:18:00,CREDIT CARD,28.96,4.761904762,1.448,6.2,Quinta-feira
611,277-35-5865,GIZA,NAYPYITAW,MEMBER,FEMALE,FOOD AND BEVERAGES,98.97,9,44.5365,935.2665,2019-03-09,11:23:00,CASH,890.73,4.761904762,44.5365,6.7,Sábado
612,789-23-8625,CAIRO,MANDALAY,MEMBER,MALE,FASHION ACCESSORIES,93.22,3,13.983,293.643,2019-01-24,11:45:00,CASH,279.66,4.761904762,13.983,7.2,Quinta-feira
613,284-54-4231,GIZA,NAYPYITAW,MEMBER,MALE,SPORTS AND TRAVEL,80.93,1,4.0465,84.9765,2019-01-19,16:08:00,CREDIT CARD,80.93,4.761904762,4.0465,9.0,Sábado
614,443-59-0061,ALEX,YANGON,MEMBER,MALE,FOOD AND BEVERAGES,67.45,10,33.725,708.225,2019-02-03,11:25:00,EWALLET,674.5,4.761904762,33.725,4.2,Domingo
615,509-29-3912,ALEX,YANGON,MEMBER,FEMALE,SPORTS AND TRAVEL,38.72,9,17.424,365.904,2019-03-20,12:24:00,EWALLET,348.48,4.761904762,17.424,4.2,Quarta-feira
616,327-40-9673,CAIRO,MANDALAY,MEMBER,MALE,SPORTS AND TRAVEL,72.6,6,21.78,457.38,2019-01-13,19:51:00,CASH,435.6,4.761904762,21.78,6.9,Domingo
617,840-19-2096,GIZA,NAYPYITAW,MEMBER,MALE,ELECTRONIC ACCESSORIES,87.91,5,21.9775,461.5275,2019-03-14,18:10:00,EWALLET,439.55,4.761904762,21.9775,4.4,Quinta-feira
618,828-46-6863,ALEX,YANGON,MEMBER,MALE,FOOD AND BEVERAGES,98.53,6,29.559,620.739,2019-01-23,11:22:00,CREDIT CARD,591.18,4.761904762,29.559,4.0,Quarta-feira
619,641-96-3695,GIZA,NAYPYITAW,MEMBER,FEMALE,FASHION ACCESSORIES,43.46,6,13.038,273.798,2019-02-07,17:55:00,EWALLET,260.76,4.761904762,13.038,8.5,Quinta-feira
620,420-97-3340,ALEX,YANGON,NORMAL,FEMALE,FOOD AND BEVERAGES,71.68,3,10.752,225.792,2019-03-28,15:30:00,CREDIT CARD,215.04,4.761904762,10.752,9.2,Quinta-feira
621,436-54-4512,ALEX,YANGON,MEMBER,FEMALE,FOOD AND BEVERAGES,91.61,1,4.5805,96.1905,2019-03-20,19:44:00,CASH,91.61,4.761904762,4.5805,9.8,Quarta-feira
622,670-79-6321,CAIRO,MANDALAY,MEMBER,FEMALE,HOME AND LIFESTYLE,94.59,7,33.1065,695.2365,2019-01-17,15:27:00,CREDIT CARD,662.13,4.761904762,33.1065,4.9,Quinta-feira
623,852-62-7105,CAIRO,MANDALAY,NORMAL,FEMALE,FASHION ACCESSORIES,83.25,10,41.625,874.125,2019-01-12,11:25:00,CREDIT CARD,832.5,4.761904762,41.625,4.4,Sábado
624,598-06-7312,CAIRO,MANDALAY,MEMBER,MALE,FASHION ACCESSORIES,91.35,1,4.5675,95.9175,2019-02-16,15:42:00,CASH,91.35,4.761904762,4.5675,6.8,Sábado
625,135-13-8269,CAIRO,MANDALAY,MEMBER,FEMALE,FOOD AND BEVERAGES,78.88,2,7.888,165.648,2019-01-26,16:04:00,CASH,157.76,4.761904762,7.888,9.1,Sábado
626,816-57-2053,ALEX,YANGON,NORMAL,MALE,SPORTS AND TRAVEL,60.87,2,6.087,127.827,2019-03-09,12:37:00,EWALLET,121.74,4.761904762,6.087,8.7,Sábado
627,628-90-8624,CAIRO,MANDALAY,MEMBER,MALE,HEALTH AND BEAUTY,82.58,10,41.29,867.09,2019-03-14,14:41:00,CASH,825.8,4.761904762,41.29,5.0,Quinta-feira
628,856-66-2701,ALEX,YANGON,MEMBER,MALE,HOME AND LIFESTYLE,53.3,3,7.995,167.895,2019-01-25,14:19:00,EWALLET,159.9,4.761904762,7.995,7.5,Sexta-feira
629,308-39-1707,ALEX,YANGON,NORMAL,FEMALE,FASHION ACCESSORIES,12.09,1,0.6045,12.6945,2019-01-26,18:19:00,CREDIT CARD,12.09,4.761904762,0.6045,8.2,Sábado
630,149-61-1929,ALEX,YANGON,NORMAL,MALE,SPORTS AND TRAVEL,64.19,10,32.095,673.995,2019-01-19,14:08:00,CREDIT CARD,641.9,4.761904762,32.095,6.7,Sábado
631,655-07-2265,ALEX,YANGON,NORMAL,MALE,ELECTRONIC ACCESSORIES,78.31,3,11.7465,246.6765,2019-03-05,16:38:00,EWALLET,234.93,4.761904762,11.7465,5.4,Terça-feira
632,589-02-8023,ALEX,YANGON,MEMBER,MALE,FOOD AND BEVERAGES,83.77,2,8.377,175.917,2019-01-15,10:54:00,CREDIT CARD,167.54,4.761904762,8.377,7.0,Terça-feira
633,420-04-7590,CAIRO,MANDALAY,NORMAL,MALE,HOME AND LIFESTYLE,99.7,3,14.955,314.055,2019-03-18,11:29:00,EWALLET,299.1,4.761904762,14.955,4.7,Segunda-feira
634,182-88-2763,CAIRO,MANDALAY,MEMBER,MALE,FOOD AND BEVERAGES,79.91,3,11.9865,251.7165,2019-03-20,19:28:00,CREDIT CARD,239.73,4.761904762,11.9865,5.0,Quarta-feira
635,188-55-0967,CAIRO,MANDALAY,MEMBER,MALE,HEALTH AND BEAUTY,66.47,10,33.235,697.935,2019-01-15,15:01:00,CREDIT CARD,664.7,4.761904762,33.235,5.0,Terça-feira
636,610-46-4100,ALEX,YANGON,NORMAL,MALE,HEALTH AND BEAUTY,28.95,7,10.1325,212.7825,2019-03-03,20:31:00,CREDIT CARD,202.65,4.761904762,10.1325,6.0,Domingo
637,318-81-2368,GIZA,NAYPYITAW,NORMAL,FEMALE,ELECTRONIC ACCESSORIES,46.2,1,2.31,48.51,2019-03-19,12:16:00,CASH,46.2,4.761904762,2.31,6.3,Terça-feira
638,364-33-8584,CAIRO,MANDALAY,MEMBER,FEMALE,FOOD AND BEVERAGES,17.63,5,4.4075,92.5575,2019-03-08,15:27:00,CASH,88.15,4.761904762,4.4075,8.5,Sexta-feira
639,665-63-9737,CAIRO,MANDALAY,NORMAL,MALE,FASHION ACCESSORIES,52.42,3,7.863,165.123,2019-02-27,17:36:00,EWALLET,157.26,4.761904762,7.863,7.5,Quarta-feira
640,695-09-5146,CAIRO,MANDALAY,MEMBER,FEMALE,FOOD AND BEVERAGES,98.79,3,14.8185,311.1885,2019-02-23,20:00:00,EWALLET,296.37,4.761904762,14.8185,6.4,Sábado
641,155-45-3814,GIZA,NAYPYITAW,MEMBER,FEMALE,ELECTRONIC ACCESSORIES,88.55,8,35.42,743.82,2019-03-19,15:29:00,EWALLET,708.4,4.761904762,35.42,4.7,Terça-feira
642,794-32-2436,CAIRO,MANDALAY,MEMBER,MALE,ELECTRONIC ACCESSORIES,55.67,2,5.567,116.907,2019-03-27,15:08:00,EWALLET,111.34,4.761904762,5.567,6.0,Quarta-feira
643,131-15-8856,GIZA,NAYPYITAW,MEMBER,FEMALE,FOOD AND BEVERAGES,72.52,8,29.008,609.168,2019-03-30,19:26:00,CREDIT CARD,580.16,4.761904762,29.008,4.0,Sábado
644,273-84-2164,GIZA,NAYPYITAW,MEMBER,MALE,ELECTRONIC ACCESSORIES,12.05,5,3.0125,63.2625,2019-02-16,15:53:00,EWALLET,60.25,4.761904762,3.0125,5.5,Sábado
645,706-36-6154,ALEX,YANGON,MEMBER,MALE,HOME AND LIFESTYLE,19.36,9,8.712,182.952,2019-01-18,18:43:00,EWALLET,174.24,4.761904762,8.712,8.7,Sexta-feira
646,778-89-7974,GIZA,NAYPYITAW,NORMAL,MALE,HEALTH AND BEAUTY,70.21,6,21.063,442.323,2019-03-30,14:58:00,CASH,421.26,4.761904762,21.063,7.4,Sábado
647,574-31-8277,CAIRO,MANDALAY,MEMBER,MALE,FASHION ACCESSORIES,33.63,1,1.6815,35.3115,2019-03-20,19:55:00,CASH,33.63,4.761904762,1.6815,5.6,Quarta-feira
648,859-71-0933,GIZA,NAYPYITAW,MEMBER,FEMALE,SPORTS AND TRAVEL,15.49,2,1.549,32.529,2019-01-16,15:10:00,CASH,30.98,4.761904762,1.549,6.3,Quarta-feira
649,740-11-5257,GIZA,NAYPYITAW,NORMAL,MALE,ELECTRONIC ACCESSORIES,24.74,10,12.37,259.77,2019-02-24,16:44:00,CASH,247.4,4.761904762,12.37,7.1,Domingo
650,369-82-2676,CAIRO,MANDALAY,NORMAL,MALE,ELECTRONIC ACCESSORIES,75.66,5,18.915,397.215,2019-01-15,18:22:00,EWALLET,378.3,4.761904762,18.915,7.8,Terça-feira
651,563-47-4072,CAIRO,MANDALAY,NORMAL,FEMALE,HEALTH AND BEAUTY,55.81,6,16.743,351.603,2019-01-22,11:52:00,CASH,334.86,4.761904762,16.743,9.9,Terça-feira
652,742-04-5161,ALEX,YANGON,MEMBER,MALE,HOME AND LIFESTYLE,72.78,10,36.39,764.19,2019-02-03,17:24:00,CASH,727.8,4.761904762,36.39,7.3,Domingo
653,149-15-7606,CAIRO,MANDALAY,MEMBER,MALE,SPORTS AND TRAVEL,37.32,9,16.794,352.674,2019-03-06,15:31:00,EWALLET,335.88,4.761904762,16.794,5.1,Quarta-feira
654,133-77-3154,CAIRO,MANDALAY,MEMBER,MALE,FASHION ACCESSORIES,60.18,4,12.036,252.756,2019-02-16,18:04:00,CREDIT CARD,240.72,4.761904762,12.036,9.4,Sábado
655,169-52-4504,ALEX,YANGON,NORMAL,FEMALE,ELECTRONIC ACCESSORIES,15.69,3,2.3535,49.4235,2019-03-14,14:13:00,CREDIT CARD,47.07,4.761904762,2.3535,5.8,Quinta-feira
656,250-81-7186,GIZA,NAYPYITAW,NORMAL,FEMALE,ELECTRONIC ACCESSORIES,99.69,1,4.9845,104.6745,2019-02-27,10:23:00,CREDIT CARD,99.69,4.761904762,4.9845,8.0,Quarta-feira
657,562-12-5430,ALEX,YANGON,MEMBER,FEMALE,FASHION ACCESSORIES,88.15,3,13.2225,277.6725,2019-01-18,10:11:00,EWALLET,264.45,4.761904762,13.2225,7.9,Sexta-feira
658,816-72-8853,ALEX,YANGON,MEMBER,FEMALE,SPORTS AND TRAVEL,27.93,5,6.9825,146.6325,2019-01-29,15:48:00,CASH,139.65,4.761904762,6.9825,5.9,Terça-feira
659,491-38-3499,ALEX,YANGON,MEMBER,MALE,FASHION ACCESSORIES,55.45,1,2.7725,58.2225,2019-02-26,17:46:00,CREDIT CARD,55.45,4.761904762,2.7725,4.9,Terça-feira
660,322-02-2271,CAIRO,MANDALAY,NORMAL,FEMALE,SPORTS AND TRAVEL,42.97,3,6.4455,135.3555,2019-02-03,11:46:00,CASH,128.91,4.761904762,6.4455,9.3,Domingo
661,842-29-4695,GIZA,NAYPYITAW,MEMBER,MALE,SPORTS AND TRAVEL,17.14,7,5.999,125.979,2019-01-16,12:07:00,CREDIT CARD,119.98,4.761904762,5.999,7.9,Quarta-feira
662,725-67-2480,CAIRO,MANDALAY,MEMBER,FEMALE,FASHION ACCESSORIES,58.75,6,17.625,370.125,2019-03-24,18:14:00,CREDIT CARD,352.5,4.761904762,17.625,5.9,Domingo
663,641-51-2661,GIZA,NAYPYITAW,MEMBER,FEMALE,FOOD AND BEVERAGES,87.1,10,43.55,914.55,2019-02-12,14:45:00,CREDIT CARD,871.0,4.761904762,43.55,9.9,Terça-feira
664,714-02-3114,GIZA,NAYPYITAW,NORMAL,FEMALE,SPORTS AND TRAVEL,98.8,2,9.88,207.48,2019-02-21,11:39:00,CASH,197.6,4.761904762,9.88,7.7,Quinta-feira
665,518-17-2983,ALEX,YANGON,NORMAL,FEMALE,FASHION ACCESSORIES,48.63,4,9.726,204.246,2019-02-04,15:44:00,EWALLET,194.52,4.761904762,9.726,7.6,Segunda-feira
666,779-42-2410,CAIRO,MANDALAY,MEMBER,MALE,FOOD AND BEVERAGES,57.74,3,8.661,181.881,2019-02-20,13:06:00,EWALLET,173.22,4.761904762,8.661,7.7,Quarta-feira
667,190-14-3147,CAIRO,MANDALAY,NORMAL,FEMALE,HEALTH AND BEAUTY,17.97,4,3.594,75.474,2019-02-23,20:43:00,EWALLET,71.88,4.761904762,3.594,6.4,Sábado
668,408-66-6712,GIZA,NAYPYITAW,MEMBER,FEMALE,HEALTH AND BEAUTY,47.71,6,14.313,300.573,2019-02-16,14:19:00,EWALLET,286.26,4.761904762,14.313,4.4,Sábado
669,679-22-6530,CAIRO,MANDALAY,NORMAL,FEMALE,SPORTS AND TRAVEL,40.62,2,4.062,85.302,2019-01-17,10:01:00,CREDIT CARD,81.24,4.761904762,4.062,4.1,Quinta-feira
670,588-47-8641,ALEX,YANGON,MEMBER,MALE,FASHION ACCESSORIES,56.04,10,28.02,588.42,2019-01-14,19:30:00,EWALLET,560.4,4.761904762,28.02,4.4,Segunda-feira
671,642-61-4706,CAIRO,MANDALAY,MEMBER,MALE,FOOD AND BEVERAGES,93.4,2,9.34,196.14,2019-03-30,16:34:00,CASH,186.8,4.761904762,9.34,5.5,Sábado
672,576-31-4774,CAIRO,MANDALAY,NORMAL,FEMALE,HEALTH AND BEAUTY,73.41,3,11.0115,231.2415,2019-03-02,13:10:00,EWALLET,220.23,4.761904762,11.0115,4.0,Sábado
673,556-41-6224,GIZA,NAYPYITAW,NORMAL,MALE,HEALTH AND BEAUTY,33.64,8,13.456,282.576,2019-02-15,17:10:00,CREDIT CARD,269.12,4.761904762,13.456,9.3,Sexta-feira
674,811-03-8790,ALEX,YANGON,NORMAL,FEMALE,ELECTRONIC ACCESSORIES,45.48,10,22.74,477.54,2019-03-01,10:22:00,CREDIT CARD,454.8,4.761904762,22.74,4.8,Sexta-feira
675,242-11-3142,CAIRO,MANDALAY,MEMBER,MALE,FASHION ACCESSORIES,83.77,2,8.377,175.917,2019-02-24,19:57:00,CASH,167.54,4.761904762,8.377,4.6,Domingo
676,752-23-3760,CAIRO,MANDALAY,MEMBER,FEMALE,SPORTS AND TRAVEL,64.08,7,22.428,470.988,2019-02-19,19:29:00,CREDIT CARD,448.56,4.761904762,22.428,7.3,Terça-feira
677,274-05-5470,ALEX,YANGON,MEMBER,FEMALE,FOOD AND BEVERAGES,73.47,4,14.694,308.574,2019-02-23,18:30:00,CASH,293.88,4.761904762,14.694,6.0,Sábado
678,648-94-3045,GIZA,NAYPYITAW,NORMAL,MALE,HEALTH AND BEAUTY,58.95,10,29.475,618.975,2019-02-07,14:27:00,EWALLET,589.5,4.761904762,29.475,8.1,Quinta-feira
679,130-67-4723,ALEX,YANGON,MEMBER,MALE,FOOD AND BEVERAGES,48.5,6,14.55,305.55,2019-01-11,13:57:00,EWALLET,291.0,4.761904762,14.55,9.4,Sexta-feira
680,528-87-5606,CAIRO,MANDALAY,MEMBER,FEMALE,ELECTRONIC ACCESSORIES,39.48,1,1.974,41.454,2019-02-12,19:43:00,CASH,39.48,4.761904762,1.974,6.5,Terça-feira
681,320-85-2052,CAIRO,MANDALAY,NORMAL,FEMALE,SPORTS AND TRAVEL,34.81,1,1.7405,36.5505,2019-01-14,10:11:00,CREDIT CARD,34.81,4.761904762,1.7405,7.0,Segunda-feira
682,370-96-0655,GIZA,NAYPYITAW,NORMAL,FEMALE,FASHION ACCESSORIES,49.32,6,14.796,310.716,2019-01-09,13:46:00,EWALLET,295.92,4.761904762,14.796,7.1,Quarta-feira
683,105-10-6182,ALEX,YANGON,MEMBER,MALE,FASHION ACCESSORIES,21.48,2,2.148,45.108,2019-02-27,12:22:00,EWALLET,42.96,4.761904762,2.148,6.6,Quarta-feira
684,510-79-0415,CAIRO,MANDALAY,MEMBER,FEMALE,SPORTS AND TRAVEL,23.08,6,6.924,145.404,2019-01-24,19:20:00,EWALLET,138.48,4.761904762,6.924,4.9,Quinta-feira
685,241-96-5076,CAIRO,MANDALAY,MEMBER,FEMALE,HOME AND LIFESTYLE,49.1,2,4.91,103.11,2019-01-08,12:58:00,CREDIT CARD,98.2,4.761904762,4.91,6.4,Terça-feira
686,767-97-4650,CAIRO,MANDALAY,MEMBER,FEMALE,SPORTS AND TRAVEL,64.83,2,6.483,136.143,2019-01-08,11:59:00,CREDIT CARD,129.66,4.761904762,6.483,8.0,Terça-feira
687,648-83-1321,ALEX,YANGON,MEMBER,MALE,HOME AND LIFESTYLE,63.56,10,31.78,667.38,2019-01-16,17:59:00,CASH,635.6,4.761904762,31.78,4.3,Quarta-feira
688,173-57-2300,GIZA,NAYPYITAW,MEMBER,MALE,SPORTS AND TRAVEL,72.88,2,7.288,153.048,2019-03-13,12:51:00,CASH,145.76,4.761904762,7.288,6.1,Quarta-feira
689,305-03-2383,ALEX,YANGON,NORMAL,FEMALE,FOOD AND BEVERAGES,67.1,3,10.065,211.365,2019-02-15,10:36:00,CASH,201.3,4.761904762,10.065,7.5,Sexta-feira
690,394-55-6384,GIZA,NAYPYITAW,MEMBER,FEMALE,SPORTS AND TRAVEL,70.19,9,31.5855,663.2955,2019-01-25,13:38:00,CASH,631.71,4.761904762,31.5855,6.7,Sexta-feira
691,266-20-6657,GIZA,NAYPYITAW,MEMBER,MALE,FOOD AND BEVERAGES,55.04,7,19.264,404.544,2019-03-12,19:39:00,EWALLET,385.28,4.761904762,19.264,5.2,Terça-feira
692,689-05-1884,ALEX,YANGON,MEMBER,MALE,HEALTH AND BEAUTY,48.63,10,24.315,510.615,2019-03-04,12:44:00,CASH,486.3,4.761904762,24.315,8.8,Segunda-feira
693,196-01-2849,GIZA,NAYPYITAW,MEMBER,FEMALE,FASHION ACCESSORIES,73.38,7,25.683,539.343,2019-02-10,13:56:00,CASH,513.66,4.761904762,25.683,9.5,Domingo
694,372-62-5264,GIZA,NAYPYITAW,NORMAL,FEMALE,FOOD AND BEVERAGES,52.6,9,23.67,497.07,2019-01-16,14:42:00,CASH,473.4,4.761904762,23.67,7.6,Quarta-feira
695,800-09-8606,ALEX,YANGON,MEMBER,FEMALE,HOME AND LIFESTYLE,87.37,5,21.8425,458.6925,2019-01-29,19:45:00,CASH,436.85,4.761904762,21.8425,6.6,Terça-feira
696,182-52-7000,ALEX,YANGON,MEMBER,FEMALE,SPORTS AND TRAVEL,27.04,4,5.408,113.568,2019-01-01,20:26:00,EWALLET,108.16,4.761904762,5.408,6.9,Terça-feira
697,826-58-8051,CAIRO,MANDALAY,NORMAL,MALE,HOME AND LIFESTYLE,62.19,4,12.438,261.198,2019-01-06,19:46:00,EWALLET,248.76,4.761904762,12.438,4.3,Domingo
698,868-06-0466,ALEX,YANGON,MEMBER,MALE,ELECTRONIC ACCESSORIES,69.58,9,31.311,657.531,2019-02-19,19:38:00,CREDIT CARD,626.22,4.761904762,31.311,7.8,Terça-feira
699,751-41-9720,GIZA,NAYPYITAW,NORMAL,MALE,HOME AND LIFESTYLE,97.5,10,48.75,1023.75,2019-01-12,16:18:00,EWALLET,975.0,4.761904762,48.75,8.0,Sábado
700,626-43-7888,GIZA,NAYPYITAW,NORMAL,FEMALE,FASHION ACCESSORIES,60.41,8,24.164,507.444,2019-02-07,12:23:00,EWALLET,483.28,4.761904762,24.164,9.6,Quinta-feira
701,176-64-7711,CAIRO,MANDALAY,NORMAL,MALE,FOOD AND BEVERAGES,32.32,3,4.848,101.808,2019-03-27,19:11:00,CREDIT CARD,96.96,4.761904762,4.848,4.3,Quarta-feira
702,191-29-0321,CAIRO,MANDALAY,MEMBER,FEMALE,FASHION ACCESSORIES,19.77,10,9.885,207.585,2019-02-27,18:57:00,CREDIT CARD,197.7,4.761904762,9.885,5.0,Quarta-feira
703,729-06-2010,CAIRO,MANDALAY,MEMBER,MALE,HEALTH AND BEAUTY,80.47,9,36.2115,760.4415,2019-01-06,11:18:00,CASH,724.23,4.761904762,36.2115,9.2,Domingo
704,640-48-5028,CAIRO,MANDALAY,MEMBER,FEMALE,HOME AND LIFESTYLE,88.39,9,39.7755,835.2855,2019-03-02,12:40:00,CASH,795.51,4.761904762,39.7755,6.3,Sábado
705,186-79-9562,CAIRO,MANDALAY,NORMAL,MALE,HEALTH AND BEAUTY,71.77,7,25.1195,527.5095,2019-03-29,14:06:00,CASH,502.39,4.761904762,25.1195,8.9,Sexta-feira
706,834-45-5519,CAIRO,MANDALAY,NORMAL,FEMALE,ELECTRONIC ACCESSORIES,43.0,4,8.6,180.6,2019-01-31,20:48:00,EWALLET,172.0,4.761904762,8.6,7.6,Quinta-feira
707,162-65-8559,GIZA,NAYPYITAW,MEMBER,MALE,FOOD AND BEVERAGES,68.98,1,3.449,72.429,2019-01-21,20:13:00,CASH,68.98,4.761904762,3.449,4.8,Segunda-feira
708,760-27-5490,GIZA,NAYPYITAW,NORMAL,MALE,FASHION ACCESSORIES,15.62,8,6.248,131.208,2019-01-20,20:37:00,EWALLET,124.96,4.761904762,6.248,9.1,Domingo
709,445-30-9252,ALEX,YANGON,NORMAL,MALE,SPORTS AND TRAVEL,25.7,3,3.855,80.955,2019-01-17,17:59:00,EWALLET,77.1,4.761904762,3.855,6.1,Quinta-feira
710,786-94-2700,ALEX,YANGON,MEMBER,MALE,FOOD AND BEVERAGES,80.62,6,24.186,507.906,2019-02-28,20:18:00,CASH,483.72,4.761904762,24.186,9.1,Quinta-feira
711,728-88-7867,GIZA,NAYPYITAW,MEMBER,FEMALE,HOME AND LIFESTYLE,75.53,4,15.106,317.226,2019-03-19,15:52:00,EWALLET,302.12,4.761904762,15.106,8.3,Terça-feira
712,183-21-3799,GIZA,NAYPYITAW,NORMAL,FEMALE,ELECTRONIC ACCESSORIES,77.63,9,34.9335,733.6035,2019-02-19,15:14:00,EWALLET,698.67,4.761904762,34.9335,7.2,Terça-feira
713,268-20-3585,GIZA,NAYPYITAW,NORMAL,FEMALE,HEALTH AND BEAUTY,13.85,9,6.2325,130.8825,2019-02-04,12:50:00,EWALLET,124.65,4.761904762,6.2325,6.0,Segunda-feira
714,735-32-9839,GIZA,NAYPYITAW,MEMBER,MALE,FASHION ACCESSORIES,98.7,8,39.48,829.08,2019-01-31,10:36:00,EWALLET,789.6,4.761904762,39.48,8.5,Quinta-feira
715,258-92-7466,ALEX,YANGON,NORMAL,FEMALE,HEALTH AND BEAUTY,35.68,5,8.92,187.32,2019-02-06,18:33:00,CREDIT CARD,178.4,4.761904762,8.92,6.6,Quarta-feira
716,857-16-3520,ALEX,YANGON,MEMBER,FEMALE,FASHION ACCESSORIES,71.46,7,25.011,525.231,2019-03-28,16:06:00,EWALLET,500.22,4.761904762,25.011,4.5,Quinta-feira
717,482-17-1179,ALEX,YANGON,MEMBER,MALE,ELECTRONIC ACCESSORIES,11.94,3,1.791,37.611,2019-01-19,12:47:00,CREDIT CARD,35.82,4.761904762,1.791,8.1,Sábado
718,788-21-5741,ALEX,YANGON,NORMAL,MALE,FASHION ACCESSORIES,45.38,3,6.807,142.947,2019-02-17,13:34:00,CREDIT CARD,136.14,4.761904762,6.807,7.2,Domingo
719,821-14-9046,CAIRO,MANDALAY,MEMBER,FEMALE,FASHION ACCESSORIES,17.48,6,5.244,110.124,2019-01-18,15:04:00,CREDIT CARD,104.88,4.761904762,5.244,6.1,Sexta-feira
720,418-05-0656,CAIRO,MANDALAY,NORMAL,FEMALE,FASHION ACCESSORIES,25.56,7,8.946,187.866,2019-02-02,20:42:00,CASH,178.92,4.761904762,8.946,7.1,Sábado
721,678-79-0726,GIZA,NAYPYITAW,MEMBER,FEMALE,SPORTS AND TRAVEL,90.63,9,40.7835,856.4535,2019-01-18,15:28:00,CASH,815.67,4.761904762,40.7835,5.1,Sexta-feira
722,776-68-1096,CAIRO,MANDALAY,NORMAL,MALE,HOME AND LIFESTYLE,44.12,3,6.618,138.978,2019-03-18,13:45:00,CREDIT CARD,132.36,4.761904762,6.618,7.9,Segunda-feira
723,592-46-1692,GIZA,NAYPYITAW,MEMBER,FEMALE,FOOD AND BEVERAGES,36.77,7,12.8695,270.2595,2019-01-11,20:10:00,CASH,257.39,4.761904762,12.8695,7.4,Sexta-feira
724,434-35-9162,CAIRO,MANDALAY,MEMBER,MALE,FOOD AND BEVERAGES,23.34,4,4.668,98.028,2019-02-04,18:53:00,EWALLET,93.36,4.761904762,4.668,7.4,Segunda-feira
725,149-14-0304,GIZA,NAYPYITAW,MEMBER,FEMALE,HEALTH AND BEAUTY,28.5,8,11.4,239.4,2019-02-06,14:24:00,CASH,228.0,4.761904762,11.4,6.6,Quarta-feira
726,442-44-6497,GIZA,NAYPYITAW,MEMBER,MALE,HOME AND LIFESTYLE,55.57,3,8.3355,175.0455,2019-01-08,11:42:00,CREDIT CARD,166.71,4.761904762,8.3355,5.9,Terça-feira
727,174-64-0215,CAIRO,MANDALAY,NORMAL,MALE,SPORTS AND TRAVEL,69.74,10,34.87,732.27,2019-03-05,17:49:00,CREDIT CARD,697.4,4.761904762,34.87,8.9,Terça-feira
728,210-74-9613,GIZA,NAYPYITAW,NORMAL,MALE,FASHION ACCESSORIES,97.26,4,19.452,408.492,2019-03-16,15:33:00,EWALLET,389.04,4.761904762,19.452,6.8,Sábado
729,299-29-0180,CAIRO,MANDALAY,MEMBER,FEMALE,HOME AND LIFESTYLE,52.18,7,18.263,383.523,2019-03-09,10:54:00,CASH,365.26,4.761904762,18.263,9.3,Sábado
730,247-11-2470,ALEX,YANGON,MEMBER,FEMALE,FASHION ACCESSORIES,22.32,4,4.464,93.744,2019-03-01,16:23:00,CREDIT CARD,89.28,4.761904762,4.464,4.4,Sexta-feira
731,635-28-5728,ALEX,YANGON,NORMAL,MALE,HEALTH AND BEAUTY,56.0,3,8.4,176.4,2019-02-28,19:33:00,EWALLET,168.0,4.761904762,8.4,4.8,Quinta-feira
732,756-49-0168,ALEX,YANGON,MEMBER,MALE,FASHION ACCESSORIES,19.7,1,0.985,20.685,2019-02-08,11:39:00,EWALLET,19.7,4.761904762,0.985,9.5,Sexta-feira
733,438-23-1242,CAIRO,MANDALAY,NORMAL,MALE,ELECTRONIC ACCESSORIES,75.88,7,26.558,557.718,2019-01-24,10:38:00,EWALLET,531.16,4.761904762,26.558,8.9,Quinta-feira
734,238-45-6950,CAIRO,MANDALAY,MEMBER,MALE,FOOD AND BEVERAGES,53.72,1,2.686,56.406,2019-03-01,20:03:00,EWALLET,53.72,4.761904762,2.686,6.4,Sexta-feira
735,607-65-2441,GIZA,NAYPYITAW,MEMBER,MALE,HEALTH AND BEAUTY,81.95,10,40.975,860.475,2019-03-10,12:39:00,CREDIT CARD,819.5,4.761904762,40.975,6.0,Domingo
736,386-27-7606,GIZA,NAYPYITAW,MEMBER,FEMALE,HOME AND LIFESTYLE,81.2,7,28.42,596.82,2019-03-23,15:59:00,CREDIT CARD,568.4,4.761904762,28.42,8.1,Sábado
737,137-63-5492,GIZA,NAYPYITAW,NORMAL,MALE,ELECTRONIC ACCESSORIES,58.76,10,29.38,616.98,2019-01-29,14:26:00,EWALLET,587.6,4.761904762,29.38,9.0,Terça-feira
738,197-77-7132,CAIRO,MANDALAY,MEMBER,MALE,ELECTRONIC ACCESSORIES,91.56,8,36.624,769.104,2019-01-12,18:22:00,EWALLET,732.48,4.761904762,36.624,6.0,Sábado
739,805-86-0265,ALEX,YANGON,NORMAL,MALE,HOME AND LIFESTYLE,93.96,9,42.282,887.922,2019-03-20,11:32:00,CASH,845.64,4.761904762,42.282,9.8,Quarta-feira
740,733-29-1227,GIZA,NAYPYITAW,NORMAL,MALE,HOME AND LIFESTYLE,55.61,7,19.4635,408.7335,2019-03-23,12:41:00,CASH,389.27,4.761904762,19.4635,8.5,Sábado
741,451-73-2711,GIZA,NAYPYITAW,NORMAL,MALE,FOOD AND BEVERAGES,84.83,1,4.2415,89.0715,2019-01-14,15:20:00,EWALLET,84.83,4.761904762,4.2415,8.8,Segunda-feira
742,373-14-0504,ALEX,YANGON,MEMBER,FEMALE,SPORTS AND TRAVEL,71.63,2,7.163,150.423,2019-02-12,14:33:00,EWALLET,143.26,4.761904762,7.163,8.8,Terça-feira
743,546-80-2899,ALEX,YANGON,MEMBER,MALE,HOME AND LIFESTYLE,37.69,2,3.769,79.149,2019-02-20,15:29:00,EWALLET,75.38,4.761904762,3.769,9.5,Quarta-feira
744,345-68-9016,GIZA,NAYPYITAW,MEMBER,FEMALE,SPORTS AND TRAVEL,31.67,8,12.668,266.028,2019-01-02,16:19:00,CREDIT CARD,253.36,4.761904762,12.668,5.6,Quarta-feira
745,390-17-5806,GIZA,NAYPYITAW,MEMBER,FEMALE,FOOD AND BEVERAGES,38.42,1,1.921,40.341,2019-02-02,16:33:00,CASH,38.42,4.761904762,1.921,8.6,Sábado
746,457-13-1708,CAIRO,MANDALAY,MEMBER,MALE,FASHION ACCESSORIES,65.23,10,32.615,684.915,2019-01-08,19:07:00,CREDIT CARD,652.3,4.761904762,32.615,5.2,Terça-feira
747,664-14-2882,GIZA,NAYPYITAW,MEMBER,FEMALE,HOME AND LIFESTYLE,10.53,5,2.6325,55.2825,2019-01-30,14:43:00,CREDIT CARD,52.65,4.761904762,2.6325,5.8,Quarta-feira
748,487-79-6868,CAIRO,MANDALAY,MEMBER,FEMALE,HOME AND LIFESTYLE,12.29,9,5.5305,116.1405,2019-03-26,19:28:00,CREDIT CARD,110.61,4.761904762,5.5305,8.0,Terça-feira
749,314-23-4520,GIZA,NAYPYITAW,MEMBER,MALE,HEALTH AND BEAUTY,81.23,7,28.4305,597.0405,2019-01-15,20:44:00,CASH,568.61,4.761904762,28.4305,9.0,Terça-feira
750,210-30-7976,CAIRO,MANDALAY,MEMBER,FEMALE,FASHION ACCESSORIES,22.32,4,4.464,93.744,2019-03-14,11:16:00,EWALLET,89.28,4.761904762,4.464,4.1,Quinta-feira
751,585-86-8361,ALEX,YANGON,NORMAL,FEMALE,FOOD AND BEVERAGES,27.28,5,6.82,143.22,2019-02-03,10:31:00,CREDIT CARD,136.4,4.761904762,6.82,8.6,Domingo
752,807-14-7833,ALEX,YANGON,MEMBER,FEMALE,ELECTRONIC ACCESSORIES,17.42,10,8.71,182.91,2019-02-22,12:30:00,EWALLET,174.2,4.761904762,8.71,7.0,Sexta-feira
753,775-72-1988,CAIRO,MANDALAY,NORMAL,MALE,HOME AND LIFESTYLE,73.28,5,18.32,384.72,2019-01-24,15:05:00,EWALLET,366.4,4.761904762,18.32,8.4,Quinta-feira
754,288-38-3758,GIZA,NAYPYITAW,MEMBER,FEMALE,FASHION ACCESSORIES,84.87,3,12.7305,267.3405,2019-01-25,18:30:00,EWALLET,254.61,4.761904762,12.7305,7.4,Sexta-feira
755,652-43-6591,ALEX,YANGON,NORMAL,FEMALE,FASHION ACCESSORIES,97.29,8,38.916,817.236,2019-03-09,13:18:00,CREDIT CARD,778.32,4.761904762,38.916,6.2,Sábado
756,785-96-0615,CAIRO,MANDALAY,MEMBER,FEMALE,ELECTRONIC ACCESSORIES,35.74,8,14.296,300.216,2019-02-17,15:28:00,EWALLET,285.92,4.761904762,14.296,4.9,Domingo
757,406-46-7107,ALEX,YANGON,NORMAL,FEMALE,HOME AND LIFESTYLE,96.52,6,28.956,608.076,2019-01-11,11:52:00,CASH,579.12,4.761904762,28.956,4.5,Sexta-feira
758,250-17-5703,ALEX,YANGON,MEMBER,MALE,FOOD AND BEVERAGES,18.85,10,9.425,197.925,2019-02-27,18:24:00,EWALLET,188.5,4.761904762,9.425,5.6,Quarta-feira
759,156-95-3964,ALEX,YANGON,NORMAL,FEMALE,FOOD AND BEVERAGES,55.39,4,11.078,232.638,2019-03-25,15:19:00,EWALLET,221.56,4.761904762,11.078,8.0,Segunda-feira
760,842-40-8179,CAIRO,MANDALAY,MEMBER,FEMALE,FOOD AND BEVERAGES,77.2,10,38.6,810.6,2019-02-11,10:38:00,CREDIT CARD,772.0,4.761904762,38.6,5.6,Segunda-feira
761,525-09-8450,CAIRO,MANDALAY,NORMAL,MALE,ELECTRONIC ACCESSORIES,72.13,10,36.065,757.365,2019-01-31,15:12:00,CREDIT CARD,721.3,4.761904762,36.065,4.2,Quinta-feira
762,410-67-1709,ALEX,YANGON,MEMBER,FEMALE,FASHION ACCESSORIES,63.88,8,25.552,536.592,2019-01-20,17:48:00,EWALLET,511.04,4.761904762,25.552,9.9,Domingo
763,587-73-4862,ALEX,YANGON,MEMBER,FEMALE,HEALTH AND BEAUTY,10.69,5,2.6725,56.1225,2019-03-26,11:07:00,EWALLET,53.45,4.761904762,2.6725,7.6,Terça-feira
764,787-87-2010,ALEX,YANGON,MEMBER,MALE,HEALTH AND BEAUTY,55.5,4,11.1,233.1,2019-01-20,15:48:00,CREDIT CARD,222.0,4.761904762,11.1,6.6,Domingo
765,593-14-4239,CAIRO,MANDALAY,NORMAL,FEMALE,HOME AND LIFESTYLE,95.46,8,38.184,801.864,2019-03-05,19:40:00,EWALLET,763.68,4.761904762,38.184,4.7,Terça-feira
766,801-88-0346,GIZA,NAYPYITAW,NORMAL,FEMALE,FASHION ACCESSORIES,76.06,3,11.409,239.589,2019-01-05,20:30:00,CREDIT CARD,228.18,4.761904762,11.409,9.8,Sábado
767,388-76-2555,CAIRO,MANDALAY,NORMAL,MALE,SPORTS AND TRAVEL,13.69,6,4.107,86.247,2019-02-13,13:59:00,CASH,82.14,4.761904762,4.107,6.3,Quarta-feira
768,711-31-1234,CAIRO,MANDALAY,NORMAL,FEMALE,ELECTRONIC ACCESSORIES,95.64,4,19.128,401.688,2019-03-16,18:51:00,CASH,382.56,4.761904762,19.128,7.9,Sábado
769,886-54-6089,ALEX,YANGON,NORMAL,FEMALE,HOME AND LIFESTYLE,11.43,6,3.429,72.009,2019-01-15,17:24:00,CASH,68.58,4.761904762,3.429,7.7,Terça-feira
770,707-32-7409,CAIRO,MANDALAY,MEMBER,FEMALE,SPORTS AND TRAVEL,95.54,4,19.108,401.268,2019-02-26,11:58:00,EWALLET,382.16,4.761904762,19.108,4.5,Terça-feira
771,759-98-4285,GIZA,NAYPYITAW,MEMBER,FEMALE,HEALTH AND BEAUTY,85.87,7,30.0545,631.1445,2019-02-27,19:01:00,CREDIT CARD,601.09,4.761904762,30.0545,8.0,Quarta-feira
772,201-63-8275,GIZA,NAYPYITAW,MEMBER,FEMALE,SPORTS AND TRAVEL,67.99,7,23.7965,499.7265,2019-02-17,16:50:00,EWALLET,475.93,4.761904762,23.7965,5.7,Domingo
773,471-06-8611,GIZA,NAYPYITAW,NORMAL,FEMALE,FOOD AND BEVERAGES,52.42,1,2.621,55.041,2019-02-06,10:22:00,CREDIT CARD,52.42,4.761904762,2.621,6.3,Quarta-feira
774,200-16-5952,GIZA,NAYPYITAW,MEMBER,MALE,FOOD AND BEVERAGES,65.65,2,6.565,137.865,2019-01-17,16:46:00,CASH,131.3,4.761904762,6.565,6.0,Quinta-feira
775,120-54-2248,CAIRO,MANDALAY,NORMAL,FEMALE,FOOD AND BEVERAGES,28.86,5,7.215,151.515,2019-01-22,18:08:00,CREDIT CARD,144.3,4.761904762,7.215,8.0,Terça-feira
776,102-77-2261,GIZA,NAYPYITAW,MEMBER,MALE,HEALTH AND BEAUTY,65.31,7,22.8585,480.0285,2019-03-05,18:02:00,CREDIT CARD,457.17,4.761904762,22.8585,4.2,Terça-feira
777,875-31-8302,CAIRO,MANDALAY,NORMAL,MALE,SPORTS AND TRAVEL,93.38,1,4.669,98.049,2019-01-03,13:07:00,CASH,93.38,4.761904762,4.669,9.6,Quinta-feira
778,102-06-2002,GIZA,NAYPYITAW,MEMBER,MALE,SPORTS AND TRAVEL,25.25,5,6.3125,132.5625,2019-03-20,17:52:00,CASH,126.25,4.761904762,6.3125,6.1,Quarta-feira
779,457-94-0464,CAIRO,MANDALAY,MEMBER,MALE,ELECTRONIC ACCESSORIES,87.87,9,39.5415,830.3715,2019-01-31,20:32:00,EWALLET,790.83,4.761904762,39.5415,5.6,Quinta-feira
780,629-42-4133,GIZA,NAYPYITAW,NORMAL,MALE,HEALTH AND BEAUTY,21.8,8,8.72,183.12,2019-02-19,19:24:00,CASH,174.4,4.761904762,8.72,8.3,Terça-feira
781,534-53-3526,ALEX,YANGON,NORMAL,FEMALE,SPORTS AND TRAVEL,94.76,4,18.952,397.992,2019-02-11,16:06:00,EWALLET,379.04,4.761904762,18.952,7.8,Segunda-feira
782,307-04-2070,ALEX,YANGON,MEMBER,FEMALE,FASHION ACCESSORIES,30.62,1,1.531,32.151,2019-02-05,14:14:00,CREDIT CARD,30.62,4.761904762,1.531,4.1,Terça-feira
783,468-99-7231,GIZA,NAYPYITAW,NORMAL,FEMALE,HOME AND LIFESTYLE,44.01,8,17.604,369.684,2019-03-03,17:36:00,CASH,352.08,4.761904762,17.604,8.8,Domingo
784,516-77-6464,GIZA,NAYPYITAW,MEMBER,FEMALE,HEALTH AND BEAUTY,10.16,5,2.54,53.34,2019-02-24,13:08:00,EWALLET,50.8,4.761904762,2.54,4.1,Domingo
785,404-91-5964,ALEX,YANGON,NORMAL,MALE,ELECTRONIC ACCESSORIES,74.58,7,26.103,548.163,2019-02-04,16:09:00,CREDIT CARD,522.06,4.761904762,26.103,9.0,Segunda-feira
786,886-77-9084,GIZA,NAYPYITAW,NORMAL,MALE,ELECTRONIC ACCESSORIES,71.89,8,28.756,603.876,2019-02-19,11:33:00,EWALLET,575.12,4.761904762,28.756,5.5,Terça-feira
787,790-38-4466,GIZA,NAYPYITAW,NORMAL,FEMALE,HEALTH AND BEAUTY,10.99,5,2.7475,57.6975,2019-01-23,10:18:00,CREDIT CARD,54.95,4.761904762,2.7475,9.3,Quarta-feira
788,704-10-4056,GIZA,NAYPYITAW,MEMBER,MALE,HEALTH AND BEAUTY,60.47,3,9.0705,190.4805,2019-01-14,10:55:00,CREDIT CARD,181.41,4.761904762,9.0705,5.6,Segunda-feira
789,497-37-6538,ALEX,YANGON,NORMAL,MALE,SPORTS AND TRAVEL,58.91,7,20.6185,432.9885,2019-01-17,15:15:00,EWALLET,412.37,4.761904762,20.6185,9.7,Quinta-feira
790,651-96-5970,ALEX,YANGON,NORMAL,MALE,FASHION ACCESSORIES,46.41,1,2.3205,48.7305,2019-03-03,20:06:00,CREDIT CARD,46.41,4.761904762,2.3205,4.0,Domingo
791,400-80-4065,GIZA,NAYPYITAW,MEMBER,MALE,HEALTH AND BEAUTY,68.55,4,13.71,287.91,2019-02-15,20:21:00,CREDIT CARD,274.2,4.761904762,13.71,9.2,Sexta-feira
792,744-16-7898,CAIRO,MANDALAY,NORMAL,FEMALE,HOME AND LIFESTYLE,97.37,10,48.685,1022.385,2019-01-15,13:48:00,CREDIT CARD,973.7,4.761904762,48.685,4.9,Terça-feira
793,263-12-5321,ALEX,YANGON,MEMBER,MALE,ELECTRONIC ACCESSORIES,92.6,7,32.41,680.61,2019-02-27,12:52:00,CREDIT CARD,648.2,4.761904762,32.41,9.3,Quarta-feira
794,702-72-0487,ALEX,YANGON,NORMAL,FEMALE,ELECTRONIC ACCESSORIES,46.61,2,4.661,97.881,2019-02-26,12:28:00,CREDIT CARD,93.22,4.761904762,4.661,6.6,Terça-feira
795,605-83-1050,CAIRO,MANDALAY,NORMAL,MALE,FASHION ACCESSORIES,27.18,2,2.718,57.078,2019-03-15,16:26:00,EWALLET,54.36,4.761904762,2.718,4.3,Sexta-feira
796,443-60-9639,GIZA,NAYPYITAW,MEMBER,FEMALE,HOME AND LIFESTYLE,60.87,1,3.0435,63.9135,2019-01-24,13:24:00,CASH,60.87,4.761904762,3.0435,5.5,Quinta-feira
797,864-24-7918,ALEX,YANGON,MEMBER,FEMALE,SPORTS AND TRAVEL,24.49,10,12.245,257.145,2019-02-22,15:15:00,CASH,244.9,4.761904762,12.245,8.1,Sexta-feira
798,359-94-5395,CAIRO,MANDALAY,NORMAL,MALE,HEALTH AND BEAUTY,92.78,1,4.639,97.419,2019-03-15,10:50:00,CREDIT CARD,92.78,4.761904762,4.639,9.8,Sexta-feira
799,401-09-4232,GIZA,NAYPYITAW,MEMBER,MALE,HOME AND LIFESTYLE,86.69,5,21.6725,455.1225,2019-02-11,18:38:00,EWALLET,433.45,4.761904762,21.6725,9.4,Segunda-feira
800,751-15-6198,CAIRO,MANDALAY,NORMAL,MALE,SPORTS AND TRAVEL,23.01,6,6.903,144.963,2019-01-12,16:45:00,EWALLET,138.06,4.761904762,6.903,7.9,Sábado
801,324-41-6833,GIZA,NAYPYITAW,MEMBER,FEMALE,ELECTRONIC ACCESSORIES,30.2,8,12.08,253.68,2019-03-03,19:30:00,EWALLET,241.6,4.761904762,12.08,5.1,Domingo
802,474-33-8305,GIZA,NAYPYITAW,MEMBER,MALE,FASHION ACCESSORIES,67.39,7,23.5865,495.3165,2019-03-23,13:23:00,EWALLET,471.73,4.761904762,23.5865,6.9,Sábado
803,759-29-9521,ALEX,YANGON,MEMBER,FEMALE,FASHION ACCESSORIES,48.96,9,22.032,462.672,2019-03-04,11:27:00,CASH,440.64,4.761904762,22.032,8.0,Segunda-feira
804,831-81-6575,CAIRO,MANDALAY,MEMBER,FEMALE,ELECTRONIC ACCESSORIES,75.59,9,34.0155,714.3255,2019-02-23,11:12:00,CASH,680.31,4.761904762,34.0155,8.0,Sábado
805,220-68-6701,ALEX,YANGON,NORMAL,FEMALE,HOME AND LIFESTYLE,77.47,4,15.494,325.374,2019-03-17,16:36:00,CASH,309.88,4.761904762,15.494,4.2,Domingo
806,618-34-8551,ALEX,YANGON,NORMAL,FEMALE,SPORTS AND TRAVEL,93.18,2,9.318,195.678,2019-01-16,18:41:00,CREDIT CARD,186.36,4.761904762,9.318,8.5,Quarta-feira
807,257-60-7754,ALEX,YANGON,NORMAL,FEMALE,ELECTRONIC ACCESSORIES,50.23,4,10.046,210.966,2019-01-08,17:12:00,CASH,200.92,4.761904762,10.046,9.0,Terça-feira
808,559-61-5987,CAIRO,MANDALAY,NORMAL,FEMALE,HEALTH AND BEAUTY,17.75,1,0.8875,18.6375,2019-01-14,10:38:00,CASH,17.75,4.761904762,0.8875,8.6,Segunda-feira
809,189-55-2313,GIZA,NAYPYITAW,NORMAL,FEMALE,FASHION ACCESSORIES,62.18,10,31.09,652.89,2019-01-31,10:33:00,EWALLET,621.8,4.761904762,31.09,6.0,Quinta-feira
810,565-91-4567,CAIRO,MANDALAY,NORMAL,MALE,HEALTH AND BEAUTY,10.75,8,4.3,90.3,2019-03-15,14:38:00,EWALLET,86.0,4.761904762,4.3,6.2,Sexta-feira
811,380-60-5336,ALEX,YANGON,NORMAL,FEMALE,ELECTRONIC ACCESSORIES,40.26,10,20.13,422.73,2019-02-24,18:06:00,CREDIT CARD,402.6,4.761904762,20.13,5.0,Domingo
812,815-04-6282,GIZA,NAYPYITAW,MEMBER,FEMALE,SPORTS AND TRAVEL,64.97,5,16.2425,341.0925,2019-02-08,12:52:00,CREDIT CARD,324.85,4.761904762,16.2425,6.5,Sexta-feira
813,674-56-6360,ALEX,YANGON,NORMAL,MALE,ELECTRONIC ACCESSORIES,95.15,1,4.7575,99.9075,2019-03-22,14:00:00,CASH,95.15,4.761904762,4.7575,6.0,Sexta-feira
814,778-34-2523,ALEX,YANGON,MEMBER,FEMALE,ELECTRONIC ACCESSORIES,48.62,8,19.448,408.408,2019-01-24,10:57:00,CASH,388.96,4.761904762,19.448,5.0,Quinta-feira
815,499-27-7781,CAIRO,MANDALAY,NORMAL,FEMALE,FOOD AND BEVERAGES,53.21,8,21.284,446.964,2019-03-14,16:45:00,EWALLET,425.68,4.761904762,21.284,5.0,Quinta-feira
816,477-59-2456,GIZA,NAYPYITAW,NORMAL,FEMALE,FASHION ACCESSORIES,45.44,7,15.904,333.984,2019-01-23,11:15:00,CASH,318.08,4.761904762,15.904,9.2,Quarta-feira
817,832-51-6761,ALEX,YANGON,NORMAL,MALE,FOOD AND BEVERAGES,33.88,8,13.552,284.592,2019-01-19,20:29:00,EWALLET,271.04,4.761904762,13.552,9.6,Sábado
818,869-11-3082,CAIRO,MANDALAY,MEMBER,MALE,HEALTH AND BEAUTY,96.16,4,19.232,403.872,2019-01-27,20:03:00,CREDIT CARD,384.64,4.761904762,19.232,8.4,Domingo
819,190-59-3964,CAIRO,MANDALAY,MEMBER,MALE,FOOD AND BEVERAGES,47.16,5,11.79,247.59,2019-02-03,14:35:00,CREDIT CARD,235.8,4.761904762,11.79,6.0,Domingo
820,366-43-6862,CAIRO,MANDALAY,NORMAL,MALE,ELECTRONIC ACCESSORIES,52.89,4,10.578,222.138,2019-03-25,16:32:00,EWALLET,211.56,4.761904762,10.578,6.7,Segunda-feira
821,186-43-8965,ALEX,YANGON,MEMBER,FEMALE,HOME AND LIFESTYLE,47.68,2,4.768,100.128,2019-02-24,10:10:00,CREDIT CARD,95.36,4.761904762,4.768,4.1,Domingo
822,784-21-9238,GIZA,NAYPYITAW,MEMBER,MALE,SPORTS AND TRAVEL,10.17,1,0.5085,10.6785,2019-02-07,14:15:00,CASH,10.17,4.761904762,0.5085,5.9,Quinta-feira
823,276-75-6884,ALEX,YANGON,NORMAL,FEMALE,HEALTH AND BEAUTY,68.71,3,10.3065,216.4365,2019-03-04,10:05:00,CASH,206.13,4.761904762,10.3065,8.7,Segunda-feira
824,109-86-4363,CAIRO,MANDALAY,MEMBER,FEMALE,SPORTS AND TRAVEL,60.08,7,21.028,441.588,2019-02-14,11:36:00,CREDIT CARD,420.56,4.761904762,21.028,4.5,Quinta-feira
825,569-76-2760,ALEX,YANGON,MEMBER,FEMALE,SPORTS AND TRAVEL,22.01,4,4.402,92.442,2019-01-29,18:15:00,CREDIT CARD,88.04,4.761904762,4.402,6.6,Terça-feira
826,222-42-0244,CAIRO,MANDALAY,MEMBER,FEMALE,HEALTH AND BEAUTY,72.11,9,32.4495,681.4395,2019-01-28,13:53:00,CREDIT CARD,648.99,4.761904762,32.4495,7.7,Segunda-feira
827,760-53-9233,ALEX,YANGON,MEMBER,MALE,FASHION ACCESSORIES,41.28,3,6.192,130.032,2019-03-26,18:37:00,CREDIT CARD,123.84,4.761904762,6.192,8.5,Terça-feira
828,538-22-0304,GIZA,NAYPYITAW,NORMAL,MALE,ELECTRONIC ACCESSORIES,64.95,10,32.475,681.975,2019-03-24,18:27:00,CASH,649.5,4.761904762,32.475,5.2,Domingo
829,416-17-9926,ALEX,YANGON,MEMBER,FEMALE,ELECTRONIC ACCESSORIES,74.22,10,37.11,779.31,2019-01-01,14:42:00,CREDIT CARD,742.2,4.761904762,37.11,4.3,Terça-feira
830,237-44-6163,ALEX,YANGON,NORMAL,MALE,ELECTRONIC ACCESSORIES,10.56,8,4.224,88.704,2019-01-24,17:43:00,CASH,84.48,4.761904762,4.224,7.6,Quinta-feira
831,636-17-0325,CAIRO,MANDALAY,NORMAL,MALE,HEALTH AND BEAUTY,62.57,4,12.514,262.794,2019-02-25,18:37:00,CASH,250.28,4.761904762,12.514,9.5,Segunda-feira
832,343-75-9322,CAIRO,MANDALAY,MEMBER,FEMALE,SPORTS AND TRAVEL,11.85,8,4.74,99.54,2019-01-09,16:34:00,CASH,94.8,4.761904762,4.74,4.1,Quarta-feira
833,528-14-9470,ALEX,YANGON,MEMBER,MALE,HEALTH AND BEAUTY,91.3,1,4.565,95.865,2019-02-14,14:42:00,EWALLET,91.3,4.761904762,4.565,9.2,Quinta-feira
834,427-45-9297,CAIRO,MANDALAY,MEMBER,FEMALE,HOME AND LIFESTYLE,40.73,7,14.2555,299.3655,2019-03-12,11:01:00,EWALLET,285.11,4.761904762,14.2555,5.4,Terça-feira
835,807-34-3742,ALEX,YANGON,NORMAL,MALE,FASHION ACCESSORIES,52.38,1,2.619,54.999,2019-03-26,19:44:00,CASH,52.38,4.761904762,2.619,5.8,Terça-feira
836,288-62-1085,ALEX,YANGON,MEMBER,MALE,FASHION ACCESSORIES,38.54,5,9.635,202.335,2019-01-09,13:34:00,EWALLET,192.7,4.761904762,9.635,5.6,Quarta-feira
837,670-71-7306,CAIRO,MANDALAY,NORMAL,MALE,SPORTS AND TRAVEL,44.63,6,13.389,281.169,2019-01-02,20:08:00,CREDIT CARD,267.78,4.761904762,13.389,5.1,Quarta-feira
838,660-29-7083,GIZA,NAYPYITAW,NORMAL,MALE,ELECTRONIC ACCESSORIES,55.87,10,27.935,586.635,2019-01-15,15:01:00,CASH,558.7,4.761904762,27.935,5.8,Terça-feira
839,271-77-8740,GIZA,NAYPYITAW,MEMBER,FEMALE,SPORTS AND TRAVEL,29.22,6,8.766,184.086,2019-01-01,11:40:00,EWALLET,175.32,4.761904762,8.766,5.0,Terça-feira
840,497-36-0989,ALEX,YANGON,NORMAL,MALE,FASHION ACCESSORIES,51.94,3,7.791,163.611,2019-02-15,15:21:00,CASH,155.82,4.761904762,7.791,7.9,Sexta-feira
841,291-59-1384,CAIRO,MANDALAY,NORMAL,MALE,ELECTRONIC ACCESSORIES,60.3,1,3.015,63.315,2019-02-28,17:38:00,CASH,60.3,4.761904762,3.015,6.0,Quinta-feira
842,860-73-6466,ALEX,YANGON,MEMBER,FEMALE,SPORTS AND TRAVEL,39.47,2,3.947,82.887,2019-03-02,16:16:00,CREDIT CARD,78.94,4.761904762,3.947,5.0,Sábado
843,549-23-9016,GIZA,NAYPYITAW,MEMBER,FEMALE,FOOD AND BEVERAGES,14.87,2,1.487,31.227,2019-02-13,18:15:00,CREDIT CARD,29.74,4.761904762,1.487,8.9,Quarta-feira
844,896-34-0956,ALEX,YANGON,NORMAL,MALE,FASHION ACCESSORIES,21.32,1,1.066,22.386,2019-01-26,12:43:00,CASH,21.32,4.761904762,1.066,5.9,Sábado
845,804-38-3935,ALEX,YANGON,MEMBER,MALE,ELECTRONIC ACCESSORIES,93.78,3,14.067,295.407,2019-01-30,11:32:00,CREDIT CARD,281.34,4.761904762,14.067,5.9,Quarta-feira
846,585-90-0249,ALEX,YANGON,MEMBER,MALE,ELECTRONIC ACCESSORIES,73.26,1,3.663,76.923,2019-01-27,18:08:00,EWALLET,73.26,4.761904762,3.663,9.7,Domingo
847,862-29-5914,GIZA,NAYPYITAW,NORMAL,FEMALE,SPORTS AND TRAVEL,22.38,1,1.119,23.499,2019-01-30,17:08:00,CREDIT CARD,22.38,4.761904762,1.119,8.6,Quarta-feira
848,845-94-6841,GIZA,NAYPYITAW,MEMBER,FEMALE,FOOD AND BEVERAGES,72.88,9,32.796,688.716,2019-01-08,19:38:00,CASH,655.92,4.761904762,32.796,4.0,Terça-feira
849,125-45-2293,ALEX,YANGON,NORMAL,FEMALE,FASHION ACCESSORIES,99.1,6,29.73,624.33,2019-01-19,13:11:00,CASH,594.6,4.761904762,29.73,4.2,Sábado
850,843-73-4724,ALEX,YANGON,NORMAL,MALE,FASHION ACCESSORIES,74.1,1,3.705,77.805,2019-01-25,11:05:00,CASH,74.1,4.761904762,3.705,9.2,Sexta-feira
851,409-33-9708,ALEX,YANGON,NORMAL,FEMALE,FASHION ACCESSORIES,98.48,2,9.848,206.808,2019-02-19,10:12:00,EWALLET,196.96,4.761904762,9.848,9.2,Terça-feira
852,658-66-3967,GIZA,NAYPYITAW,NORMAL,MALE,HEALTH AND BEAUTY,53.19,7,18.6165,390.9465,2019-01-14,15:42:00,EWALLET,372.33,4.761904762,18.6165,5.0,Segunda-feira
853,866-70-2814,CAIRO,MANDALAY,NORMAL,FEMALE,ELECTRONIC ACCESSORIES,52.79,10,26.395,554.295,2019-02-25,11:58:00,EWALLET,527.9,4.761904762,26.395,10.0,Segunda-feira
854,160-22-2687,ALEX,YANGON,MEMBER,FEMALE,HEALTH AND BEAUTY,95.95,5,23.9875,503.7375,2019-01-23,14:21:00,EWALLET,479.75,4.761904762,23.9875,8.8,Quarta-feira
855,895-03-6665,CAIRO,MANDALAY,NORMAL,FEMALE,FASHION ACCESSORIES,36.51,9,16.4295,345.0195,2019-02-16,10:52:00,CASH,328.59,4.761904762,16.4295,4.2,Sábado
856,770-42-8960,CAIRO,MANDALAY,NORMAL,MALE,FOOD AND BEVERAGES,21.12,8,8.448,177.408,2019-01-01,19:31:00,CASH,168.96,4.761904762,8.448,6.3,Terça-feira
857,748-45-2862,ALEX,YANGON,MEMBER,FEMALE,HOME AND LIFESTYLE,28.31,4,5.662,118.902,2019-03-07,18:35:00,CASH,113.24,4.761904762,5.662,8.2,Quinta-feira
858,234-36-2483,CAIRO,MANDALAY,NORMAL,MALE,HEALTH AND BEAUTY,57.59,6,17.277,362.817,2019-02-15,13:51:00,CASH,345.54,4.761904762,17.277,5.1,Sexta-feira
859,316-66-3011,ALEX,YANGON,MEMBER,FEMALE,FOOD AND BEVERAGES,47.63,9,21.4335,450.1035,2019-01-23,12:35:00,CASH,428.67,4.761904762,21.4335,5.0,Quarta-feira
860,848-95-6252,GIZA,NAYPYITAW,MEMBER,FEMALE,HOME AND LIFESTYLE,86.27,1,4.3135,90.5835,2019-02-20,13:24:00,EWALLET,86.27,4.761904762,4.3135,7.0,Quarta-feira
861,840-76-5966,ALEX,YANGON,MEMBER,MALE,SPORTS AND TRAVEL,12.76,2,1.276,26.796,2019-01-08,18:06:00,EWALLET,25.52,4.761904762,1.276,7.8,Terça-feira
862,152-03-4217,CAIRO,MANDALAY,NORMAL,FEMALE,HOME AND LIFESTYLE,11.28,9,5.076,106.596,2019-03-17,11:55:00,CREDIT CARD,101.52,4.761904762,5.076,4.3,Domingo
863,533-66-5566,CAIRO,MANDALAY,NORMAL,FEMALE,HOME AND LIFESTYLE,51.07,7,17.8745,375.3645,2019-01-12,11:42:00,CASH,357.49,4.761904762,17.8745,7.0,Sábado
864,124-31-1458,ALEX,YANGON,MEMBER,FEMALE,ELECTRONIC ACCESSORIES,79.59,3,11.9385,250.7085,2019-01-08,14:30:00,CASH,238.77,4.761904762,11.9385,6.6,Terça-feira
865,176-78-1170,GIZA,NAYPYITAW,MEMBER,MALE,HEALTH AND BEAUTY,33.81,3,5.0715,106.5015,2019-01-26,15:11:00,EWALLET,101.43,4.761904762,5.0715,7.3,Sábado
866,361-59-0574,CAIRO,MANDALAY,MEMBER,MALE,SPORTS AND TRAVEL,90.53,8,36.212,760.452,2019-03-15,14:48:00,CREDIT CARD,724.24,4.761904762,36.212,6.5,Sexta-feira
867,101-81-4070,GIZA,NAYPYITAW,MEMBER,FEMALE,HEALTH AND BEAUTY,62.82,2,6.282,131.922,2019-01-17,12:36:00,EWALLET,125.64,4.761904762,6.282,4.9,Quinta-feira
868,631-34-1880,GIZA,NAYPYITAW,MEMBER,MALE,FOOD AND BEVERAGES,24.31,3,3.6465,76.5765,2019-01-08,19:09:00,CREDIT CARD,72.93,4.761904762,3.6465,4.3,Terça-feira
869,852-82-2749,ALEX,YANGON,NORMAL,MALE,SPORTS AND TRAVEL,64.59,4,12.918,271.278,2019-01-06,13:35:00,EWALLET,258.36,4.761904762,12.918,9.3,Domingo
870,873-14-6353,ALEX,YANGON,MEMBER,MALE,FOOD AND BEVERAGES,24.82,7,8.687,182.427,2019-02-16,10:33:00,CREDIT CARD,173.74,4.761904762,8.687,7.1,Sábado
871,584-66-4073,GIZA,NAYPYITAW,NORMAL,MALE,FASHION ACCESSORIES,56.5,1,2.825,59.325,2019-03-13,15:45:00,EWALLET,56.5,4.761904762,2.825,9.6,Quarta-feira
872,544-55-9589,CAIRO,MANDALAY,MEMBER,FEMALE,ELECTRONIC ACCESSORIES,21.43,10,10.715,225.015,2019-01-28,11:51:00,CASH,214.3,4.761904762,10.715,6.2,Segunda-feira
873,166-19-2553,ALEX,YANGON,MEMBER,MALE,SPORTS AND TRAVEL,89.06,6,26.718,561.078,2019-01-18,17:26:00,CASH,534.36,4.761904762,26.718,9.9,Sexta-feira
874,737-88-5876,ALEX,YANGON,MEMBER,MALE,HOME AND LIFESTYLE,23.29,4,4.658,97.818,2019-03-19,11:52:00,CREDIT CARD,93.16,4.761904762,4.658,5.9,Terça-feira
875,154-87-7367,GIZA,NAYPYITAW,NORMAL,MALE,HOME AND LIFESTYLE,65.26,8,26.104,548.184,2019-03-15,14:04:00,EWALLET,522.08,4.761904762,26.104,6.3,Sexta-feira
876,885-56-0389,GIZA,NAYPYITAW,MEMBER,MALE,FASHION ACCESSORIES,52.35,1,2.6175,54.9675,2019-02-12,17:49:00,CASH,52.35,4.761904762,2.6175,4.0,Terça-feira
877,608-05-3804,CAIRO,MANDALAY,MEMBER,MALE,ELECTRONIC ACCESSORIES,39.75,1,1.9875,41.7375,2019-02-25,20:19:00,CASH,39.75,4.761904762,1.9875,6.1,Segunda-feira
878,448-61-3783,ALEX,YANGON,NORMAL,FEMALE,ELECTRONIC ACCESSORIES,90.02,8,36.008,756.168,2019-03-21,16:08:00,CREDIT CARD,720.16,4.761904762,36.008,4.5,Quinta-feira
879,761-49-0439,CAIRO,MANDALAY,MEMBER,FEMALE,ELECTRONIC ACCESSORIES,12.1,8,4.84,101.64,2019-01-19,10:17:00,EWALLET,96.8,4.761904762,4.84,8.6,Sábado
880,490-95-0021,CAIRO,MANDALAY,MEMBER,FEMALE,FOOD AND BEVERAGES,33.21,10,16.605,348.705,2019-01-08,14:25:00,EWALLET,332.1,4.761904762,16.605,6.0,Terça-feira
881,115-38-7388,GIZA,NAYPYITAW,MEMBER,FEMALE,FASHION ACCESSORIES,10.18,8,4.072,85.512,2019-03-30,12:51:00,CREDIT CARD,81.44,4.761904762,4.072,9.5,Sábado
882,311-13-6971,CAIRO,MANDALAY,MEMBER,MALE,SPORTS AND TRAVEL,31.99,10,15.995,335.895,2019-02-20,15:18:00,CREDIT CARD,319.9,4.761904762,15.995,9.9,Quarta-feira
883,291-55-6563,ALEX,YANGON,MEMBER,FEMALE,HOME AND LIFESTYLE,34.42,6,10.326,216.846,2019-03-30,12:45:00,EWALLET,206.52,4.761904762,10.326,7.5,Sábado
884,548-48-3156,ALEX,YANGON,MEMBER,FEMALE,FOOD AND BEVERAGES,83.34,2,8.334,175.014,2019-03-19,13:37:00,CASH,166.68,4.761904762,8.334,7.6,Terça-feira
885,460-93-5834,ALEX,YANGON,NORMAL,MALE,SPORTS AND TRAVEL,45.58,7,15.953,335.013,2019-01-13,10:03:00,CASH,319.06,4.761904762,15.953,5.0,Domingo
886,325-89-4209,ALEX,YANGON,MEMBER,MALE,FOOD AND BEVERAGES,87.9,1,4.395,92.295,2019-02-05,19:42:00,EWALLET,87.9,4.761904762,4.395,6.7,Terça-feira
887,884-80-6021,ALEX,YANGON,MEMBER,FEMALE,ELECTRONIC ACCESSORIES,73.47,10,36.735,771.435,2019-03-23,13:14:00,EWALLET,734.7,4.761904762,36.735,9.5,Sábado
888,137-74-8729,GIZA,NAYPYITAW,NORMAL,FEMALE,FASHION ACCESSORIES,12.19,8,4.876,102.396,2019-03-13,12:47:00,EWALLET,97.52,4.761904762,4.876,6.8,Quarta-feira
889,880-46-5796,ALEX,YANGON,MEMBER,MALE,SPORTS AND TRAVEL,76.92,10,38.46,807.66,2019-03-17,19:53:00,EWALLET,769.2,4.761904762,38.46,5.6,Domingo
890,389-70-2397,GIZA,NAYPYITAW,NORMAL,FEMALE,HEALTH AND BEAUTY,83.66,5,20.915,439.215,2019-02-21,10:26:00,CASH,418.3,4.761904762,20.915,7.2,Quinta-feira
891,114-35-5271,CAIRO,MANDALAY,NORMAL,FEMALE,ELECTRONIC ACCESSORIES,57.91,8,23.164,486.444,2019-02-07,15:06:00,CASH,463.28,4.761904762,23.164,8.1,Quinta-feira
892,607-76-6216,GIZA,NAYPYITAW,MEMBER,FEMALE,FASHION ACCESSORIES,92.49,5,23.1225,485.5725,2019-03-02,16:35:00,CREDIT CARD,462.45,4.761904762,23.1225,8.6,Sábado
893,715-20-1673,CAIRO,MANDALAY,NORMAL,MALE,ELECTRONIC ACCESSORIES,28.38,5,7.095,148.995,2019-03-06,20:57:00,CASH,141.9,4.761904762,7.095,9.4,Quarta-feira
894,811-35-1094,CAIRO,MANDALAY,MEMBER,MALE,ELECTRONIC ACCESSORIES,50.45,6,15.135,317.835,2019-02-06,15:16:00,CREDIT CARD,302.7,4.761904762,15.135,8.9,Quarta-feira
895,699-88-1972,CAIRO,MANDALAY,NORMAL,MALE,HEALTH AND BEAUTY,99.16,8,39.664,832.944,2019-01-28,17:47:00,CREDIT CARD,793.28,4.761904762,39.664,4.2,Segunda-feira
896,781-84-8059,GIZA,NAYPYITAW,NORMAL,MALE,FASHION ACCESSORIES,60.74,7,21.259,446.439,2019-01-18,16:23:00,EWALLET,425.18,4.761904762,21.259,5.0,Sexta-feira
897,409-49-6995,GIZA,NAYPYITAW,MEMBER,FEMALE,FOOD AND BEVERAGES,47.27,6,14.181,297.801,2019-02-05,10:17:00,CASH,283.62,4.761904762,14.181,8.8,Terça-feira
898,725-54-0677,GIZA,NAYPYITAW,MEMBER,MALE,HEALTH AND BEAUTY,85.6,7,29.96,629.16,2019-03-02,13:50:00,CASH,599.2,4.761904762,29.96,5.3,Sábado
899,146-09-5432,ALEX,YANGON,MEMBER,MALE,FOOD AND BEVERAGES,35.04,9,15.768,331.128,2019-02-09,19:17:00,EWALLET,315.36,4.761904762,15.768,4.6,Sábado
900,377-79-7592,GIZA,NAYPYITAW,MEMBER,FEMALE,ELECTRONIC ACCESSORIES,44.84,9,20.178,423.738,2019-01-14,14:00:00,CREDIT CARD,403.56,4.761904762,20.178,7.5,Segunda-feira
901,509-10-0516,CAIRO,MANDALAY,NORMAL,MALE,HOME AND LIFESTYLE,45.97,4,9.194,193.074,2019-02-09,12:02:00,EWALLET,183.88,4.761904762,9.194,5.1,Sábado
902,595-94-9924,ALEX,YANGON,MEMBER,FEMALE,HEALTH AND BEAUTY,27.73,5,6.9325,145.5825,2019-03-26,20:21:00,CREDIT CARD,138.65,4.761904762,6.9325,4.2,Terça-feira
903,865-41-9075,ALEX,YANGON,NORMAL,MALE,FOOD AND BEVERAGES,11.53,7,4.0355,84.7455,2019-01-28,17:35:00,CASH,80.71,4.761904762,4.0355,8.1,Segunda-feira
904,545-07-8534,GIZA,NAYPYITAW,NORMAL,FEMALE,HEALTH AND BEAUTY,58.32,2,5.832,122.472,2019-02-14,12:42:00,EWALLET,116.64,4.761904762,5.832,6.0,Quinta-feira
905,118-62-1812,GIZA,NAYPYITAW,MEMBER,FEMALE,HOME AND LIFESTYLE,78.38,4,15.676,329.196,2019-03-24,17:56:00,CASH,313.52,4.761904762,15.676,7.9,Domingo
906,450-42-3339,GIZA,NAYPYITAW,NORMAL,MALE,HEALTH AND BEAUTY,84.61,10,42.305,888.405,2019-02-09,18:58:00,CREDIT CARD,846.1,4.761904762,42.305,8.8,Sábado
907,851-98-3555,CAIRO,MANDALAY,NORMAL,FEMALE,HEALTH AND BEAUTY,82.88,5,20.72,435.12,2019-03-24,14:08:00,CREDIT CARD,414.4,4.761904762,20.72,6.6,Domingo
908,186-71-5196,ALEX,YANGON,MEMBER,FEMALE,FOOD AND BEVERAGES,79.54,2,7.954,167.034,2019-03-27,16:30:00,EWALLET,159.08,4.761904762,7.954,6.2,Quarta-feira
909,624-01-8356,CAIRO,MANDALAY,NORMAL,FEMALE,HOME AND LIFESTYLE,49.01,10,24.505,514.605,2019-01-27,10:44:00,CREDIT CARD,490.1,4.761904762,24.505,4.2,Domingo
910,313-66-9943,CAIRO,MANDALAY,MEMBER,FEMALE,FOOD AND BEVERAGES,29.15,3,4.3725,91.8225,2019-03-27,20:29:00,CREDIT CARD,87.45,4.761904762,4.3725,7.3,Quarta-feira
911,151-27-8496,GIZA,NAYPYITAW,NORMAL,FEMALE,ELECTRONIC ACCESSORIES,56.13,4,11.226,235.746,2019-01-19,11:43:00,EWALLET,224.52,4.761904762,11.226,8.6,Sábado
912,453-33-6436,ALEX,YANGON,NORMAL,FEMALE,HOME AND LIFESTYLE,93.12,8,37.248,782.208,2019-02-07,10:09:00,CASH,744.96,4.761904762,37.248,6.8,Quinta-feira
913,522-57-8364,ALEX,YANGON,MEMBER,MALE,FASHION ACCESSORIES,51.34,8,20.536,431.256,2019-01-31,10:00:00,EWALLET,410.72,4.761904762,20.536,7.6,Quinta-feira
914,459-45-2396,ALEX,YANGON,MEMBER,FEMALE,FOOD AND BEVERAGES,99.6,3,14.94,313.74,2019-02-25,18:45:00,CASH,298.8,4.761904762,14.94,5.8,Segunda-feira
915,717-96-4189,GIZA,NAYPYITAW,NORMAL,FEMALE,ELECTRONIC ACCESSORIES,35.49,6,10.647,223.587,2019-02-02,12:40:00,CASH,212.94,4.761904762,10.647,4.1,Sábado
916,722-13-2115,GIZA,NAYPYITAW,MEMBER,MALE,SPORTS AND TRAVEL,42.85,1,2.1425,44.9925,2019-03-14,15:36:00,CREDIT CARD,42.85,4.761904762,2.1425,9.3,Quinta-feira
917,749-81-8133,ALEX,YANGON,NORMAL,FEMALE,FASHION ACCESSORIES,94.67,4,18.934,397.614,2019-03-11,12:04:00,CASH,378.68,4.761904762,18.934,6.8,Segunda-feira
918,777-67-2495,CAIRO,MANDALAY,NORMAL,MALE,HOME AND LIFESTYLE,68.97,3,10.3455,217.2555,2019-02-22,11:26:00,EWALLET,206.91,4.761904762,10.3455,8.7,Sexta-feira
919,636-98-3364,CAIRO,MANDALAY,MEMBER,FEMALE,ELECTRONIC ACCESSORIES,26.26,3,3.939,82.719,2019-03-02,12:36:00,EWALLET,78.78,4.761904762,3.939,6.3,Sábado
920,246-55-6923,GIZA,NAYPYITAW,MEMBER,FEMALE,HOME AND LIFESTYLE,35.79,9,16.1055,338.2155,2019-03-10,15:06:00,CREDIT CARD,322.11,4.761904762,16.1055,5.1,Domingo
921,181-82-6255,CAIRO,MANDALAY,NORMAL,FEMALE,HOME AND LIFESTYLE,16.37,6,4.911,103.131,2019-02-08,10:58:00,CASH,98.22,4.761904762,4.911,7.0,Sexta-feira
922,838-02-1821,GIZA,NAYPYITAW,MEMBER,FEMALE,HOME AND LIFESTYLE,12.73,2,1.273,26.733,2019-02-22,12:10:00,CREDIT CARD,25.46,4.761904762,1.273,5.2,Sexta-feira
923,887-42-0517,GIZA,NAYPYITAW,NORMAL,FEMALE,SPORTS AND TRAVEL,83.14,7,29.099,611.079,2019-01-10,10:31:00,CREDIT CARD,581.98,4.761904762,29.099,6.6,Quinta-feira
924,457-12-0244,GIZA,NAYPYITAW,MEMBER,FEMALE,SPORTS AND TRAVEL,35.22,6,10.566,221.886,2019-03-14,13:49:00,EWALLET,211.32,4.761904762,10.566,6.5,Quinta-feira
925,226-34-0034,CAIRO,MANDALAY,NORMAL,FEMALE,ELECTRONIC ACCESSORIES,13.78,4,2.756,57.876,2019-01-10,11:10:00,EWALLET,55.12,4.761904762,2.756,9.0,Quinta-feira
926,321-49-7382,CAIRO,MANDALAY,MEMBER,MALE,SPORTS AND TRAVEL,88.31,1,4.4155,92.7255,2019-02-15,17:38:00,CREDIT CARD,88.31,4.761904762,4.4155,5.2,Sexta-feira
927,397-25-8725,ALEX,YANGON,MEMBER,FEMALE,HEALTH AND BEAUTY,39.62,9,17.829,374.409,2019-01-13,17:54:00,CREDIT CARD,356.58,4.761904762,17.829,6.8,Domingo
928,431-66-2305,CAIRO,MANDALAY,NORMAL,FEMALE,ELECTRONIC ACCESSORIES,88.25,9,39.7125,833.9625,2019-02-15,20:51:00,CREDIT CARD,794.25,4.761904762,39.7125,7.6,Sexta-feira
929,825-94-5922,CAIRO,MANDALAY,NORMAL,MALE,SPORTS AND TRAVEL,25.31,2,2.531,53.151,2019-03-02,19:26:00,EWALLET,50.62,4.761904762,2.531,7.2,Sábado
930,641-62-7288,CAIRO,MANDALAY,NORMAL,MALE,HOME AND LIFESTYLE,99.92,6,29.976,629.496,2019-03-24,13:33:00,EWALLET,599.52,4.761904762,29.976,7.1,Domingo
931,756-93-1854,GIZA,NAYPYITAW,MEMBER,FEMALE,FASHION ACCESSORIES,83.35,2,8.335,175.035,2019-02-02,14:05:00,CREDIT CARD,166.7,4.761904762,8.335,9.5,Sábado
932,243-55-8457,ALEX,YANGON,NORMAL,FEMALE,FOOD AND BEVERAGES,74.44,10,37.22,781.62,2019-02-27,11:40:00,EWALLET,744.4,4.761904762,37.22,5.1,Quarta-feira
933,458-10-8612,GIZA,NAYPYITAW,NORMAL,MALE,HEALTH AND BEAUTY,64.08,7,22.428,470.988,2019-01-20,12:27:00,EWALLET,448.56,4.761904762,22.428,7.6,Domingo
934,501-61-1753,CAIRO,MANDALAY,NORMAL,FEMALE,HOME AND LIFESTYLE,63.15,6,18.945,397.845,2019-01-03,20:24:00,EWALLET,378.9,4.761904762,18.945,9.8,Quinta-feira
935,235-06-8510,GIZA,NAYPYITAW,MEMBER,MALE,HOME AND LIFESTYLE,85.72,3,12.858,270.018,2019-01-24,20:59:00,EWALLET,257.16,4.761904762,12.858,5.1,Quinta-feira
936,433-08-7822,GIZA,NAYPYITAW,NORMAL,FEMALE,HEALTH AND BEAUTY,78.89,7,27.6115,579.8415,2019-01-05,19:48:00,EWALLET,552.23,4.761904762,27.6115,7.5,Sábado
937,361-85-2571,ALEX,YANGON,NORMAL,FEMALE,SPORTS AND TRAVEL,89.48,5,22.37,469.77,2019-03-30,10:18:00,CASH,447.4,4.761904762,22.37,7.4,Sábado
938,131-70-8179,ALEX,YANGON,MEMBER,FEMALE,HEALTH AND BEAUTY,92.09,3,13.8135,290.0835,2019-02-17,16:27:00,CASH,276.27,4.761904762,13.8135,4.2,Domingo
939,500-02-2261,GIZA,NAYPYITAW,NORMAL,FEMALE,FOOD AND BEVERAGES,57.29,6,17.187,360.927,2019-03-21,17:04:00,EWALLET,343.74,4.761904762,17.187,5.9,Quinta-feira
940,720-72-2436,ALEX,YANGON,NORMAL,MALE,FOOD AND BEVERAGES,66.52,4,13.304,279.384,2019-03-02,18:14:00,EWALLET,266.08,4.761904762,13.304,6.9,Sábado
941,702-83-5291,GIZA,NAYPYITAW,MEMBER,MALE,FASHION ACCESSORIES,99.82,9,44.919,943.299,2019-03-27,10:43:00,CASH,898.38,4.761904762,44.919,6.6,Quarta-feira
942,809-69-9497,ALEX,YANGON,NORMAL,FEMALE,HOME AND LIFESTYLE,45.68,10,22.84,479.64,2019-01-19,19:30:00,EWALLET,456.8,4.761904762,22.84,5.7,Sábado
943,449-16-6770,ALEX,YANGON,NORMAL,MALE,HEALTH AND BEAUTY,50.79,5,12.6975,266.6475,2019-02-19,14:53:00,CREDIT CARD,253.95,4.761904762,12.6975,5.3,Terça-feira
944,333-23-2632,ALEX,YANGON,MEMBER,MALE,HEALTH AND BEAUTY,10.08,7,3.528,74.088,2019-03-28,20:14:00,CASH,70.56,4.761904762,3.528,4.2,Quinta-feira
945,489-82-1237,ALEX,YANGON,NORMAL,FEMALE,ELECTRONIC ACCESSORIES,93.88,7,32.858,690.018,2019-01-05,11:51:00,CREDIT CARD,657.16,4.761904762,32.858,7.3,Sábado
946,859-97-6048,GIZA,NAYPYITAW,MEMBER,MALE,ELECTRONIC ACCESSORIES,84.25,2,8.425,176.925,2019-03-26,14:13:00,CREDIT CARD,168.5,4.761904762,8.425,5.3,Terça-feira
947,676-10-2200,CAIRO,MANDALAY,MEMBER,MALE,FASHION ACCESSORIES,53.78,1,2.689,56.469,2019-02-03,20:13:00,EWALLET,53.78,4.761904762,2.689,4.7,Domingo
948,373-88-1424,GIZA,NAYPYITAW,MEMBER,MALE,HOME AND LIFESTYLE,35.81,5,8.9525,188.0025,2019-02-06,18:44:00,EWALLET,179.05,4.761904762,8.9525,7.9,Quarta-feira
949,365-16-4334,CAIRO,MANDALAY,NORMAL,FEMALE,FOOD AND BEVERAGES,26.43,8,10.572,222.012,2019-02-24,14:26:00,EWALLET,211.44,4.761904762,10.572,8.9,Domingo
950,503-21-4385,CAIRO,MANDALAY,MEMBER,MALE,HEALTH AND BEAUTY,39.91,3,5.9865,125.7165,2019-02-21,12:40:00,EWALLET,119.73,4.761904762,5.9865,9.3,Quinta-feira
951,305-89-2768,CAIRO,MANDALAY,MEMBER,FEMALE,HOME AND LIFESTYLE,21.9,3,3.285,68.985,2019-01-09,18:43:00,EWALLET,65.7,4.761904762,3.285,4.7,Quarta-feira
952,574-80-1489,CAIRO,MANDALAY,MEMBER,FEMALE,FOOD AND BEVERAGES,62.85,4,12.57,263.97,2019-02-25,13:22:00,EWALLET,251.4,4.761904762,12.57,8.7,Segunda-feira
953,784-08-0310,GIZA,NAYPYITAW,MEMBER,FEMALE,FOOD AND BEVERAGES,21.04,4,4.208,88.368,2019-01-13,13:58:00,CASH,84.16,4.761904762,4.208,7.6,Domingo
954,200-40-6154,CAIRO,MANDALAY,MEMBER,MALE,HOME AND LIFESTYLE,65.91,6,19.773,415.233,2019-02-09,11:45:00,CASH,395.46,4.761904762,19.773,5.7,Sábado
955,846-10-0341,ALEX,YANGON,NORMAL,FEMALE,FASHION ACCESSORIES,42.57,7,14.8995,312.8895,2019-01-06,11:51:00,CASH,297.99,4.761904762,14.8995,6.8,Domingo
956,577-34-7579,GIZA,NAYPYITAW,MEMBER,MALE,FOOD AND BEVERAGES,50.49,9,22.7205,477.1305,2019-01-10,17:16:00,CASH,454.41,4.761904762,22.7205,5.4,Quinta-feira
957,430-02-3888,CAIRO,MANDALAY,NORMAL,MALE,ELECTRONIC ACCESSORIES,46.02,6,13.806,289.926,2019-02-07,15:55:00,CASH,276.12,4.761904762,13.806,7.1,Quinta-feira
958,867-47-1948,GIZA,NAYPYITAW,NORMAL,FEMALE,HOME AND LIFESTYLE,15.8,10,7.9,165.9,2019-01-09,12:07:00,CASH,158.0,4.761904762,7.9,7.8,Quarta-feira
959,384-59-6655,ALEX,YANGON,MEMBER,FEMALE,FOOD AND BEVERAGES,98.66,9,44.397,932.337,2019-02-19,15:07:00,CASH,887.94,4.761904762,44.397,8.4,Terça-feira
960,256-58-3609,GIZA,NAYPYITAW,MEMBER,MALE,FASHION ACCESSORIES,91.98,1,4.599,96.579,2019-03-18,15:29:00,CASH,91.98,4.761904762,4.599,9.8,Segunda-feira
961,324-92-3863,ALEX,YANGON,MEMBER,MALE,ELECTRONIC ACCESSORIES,20.89,2,2.089,43.869,2019-02-05,18:45:00,CASH,41.78,4.761904762,2.089,9.8,Terça-feira
962,593-08-5916,ALEX,YANGON,NORMAL,FEMALE,FASHION ACCESSORIES,15.5,1,0.775,16.275,2019-03-19,15:23:00,CREDIT CARD,15.5,4.761904762,0.775,7.4,Terça-feira
963,364-34-2972,GIZA,NAYPYITAW,MEMBER,MALE,ELECTRONIC ACCESSORIES,96.82,3,14.523,304.983,2019-03-30,20:37:00,CASH,290.46,4.761904762,14.523,6.7,Sábado
964,794-42-3736,CAIRO,MANDALAY,NORMAL,MALE,FOOD AND BEVERAGES,33.33,2,3.333,69.993,2019-01-26,14:41:00,CREDIT CARD,66.66,4.761904762,3.333,6.4,Sábado
965,172-42-8274,CAIRO,MANDALAY,NORMAL,FEMALE,ELECTRONIC ACCESSORIES,38.27,2,3.827,80.367,2019-03-02,18:18:00,CREDIT CARD,76.54,4.761904762,3.827,5.8,Sábado
966,558-60-5016,ALEX,YANGON,NORMAL,FEMALE,HOME AND LIFESTYLE,33.3,9,14.985,314.685,2019-03-04,15:27:00,EWALLET,299.7,4.761904762,14.985,7.2,Segunda-feira
967,195-06-0432,ALEX,YANGON,MEMBER,MALE,HOME AND LIFESTYLE,81.01,3,12.1515,255.1815,2019-01-13,12:55:00,CREDIT CARD,243.03,4.761904762,12.1515,9.3,Domingo
968,605-03-2706,ALEX,YANGON,NORMAL,FEMALE,HEALTH AND BEAUTY,15.8,3,2.37,49.77,2019-03-25,18:02:00,CASH,47.4,4.761904762,2.37,9.5,Segunda-feira
969,214-30-2776,CAIRO,MANDALAY,MEMBER,FEMALE,ELECTRONIC ACCESSORIES,34.49,5,8.6225,181.0725,2019-03-11,19:44:00,CREDIT CARD,172.45,4.761904762,8.6225,9.0,Segunda-feira
970,746-04-1077,CAIRO,MANDALAY,MEMBER,FEMALE,FOOD AND BEVERAGES,84.63,10,42.315,888.615,2019-01-01,11:36:00,CREDIT CARD,846.3,4.761904762,42.315,9.0,Terça-feira
971,448-34-8700,CAIRO,MANDALAY,MEMBER,MALE,HOME AND LIFESTYLE,36.91,7,12.9185,271.2885,2019-02-10,13:51:00,EWALLET,258.37,4.761904762,12.9185,6.7,Domingo
972,452-04-8808,CAIRO,MANDALAY,NORMAL,MALE,ELECTRONIC ACCESSORIES,87.08,7,30.478,640.038,2019-01-26,15:17:00,CASH,609.56,4.761904762,30.478,5.5,Sábado
973,531-56-4728,ALEX,YANGON,NORMAL,MALE,HOME AND LIFESTYLE,80.08,3,12.012,252.252,2019-02-11,15:29:00,CASH,240.24,4.761904762,12.012,5.4,Segunda-feira
974,744-82-9138,GIZA,NAYPYITAW,NORMAL,MALE,FASHION ACCESSORIES,86.13,2,8.613,180.873,2019-02-07,17:59:00,CASH,172.26,4.761904762,8.613,8.2,Quinta-feira
975,883-69-1285,CAIRO,MANDALAY,MEMBER,MALE,FASHION ACCESSORIES,49.92,2,4.992,104.832,2019-03-06,11:55:00,CREDIT CARD,99.84,4.761904762,4.992,7.0,Quarta-feira
976,221-25-5073,ALEX,YANGON,NORMAL,FEMALE,FOOD AND BEVERAGES,74.66,4,14.932,313.572,2019-03-04,10:39:00,CASH,298.64,4.761904762,14.932,8.5,Segunda-feira
977,518-71-6847,CAIRO,MANDALAY,MEMBER,MALE,FOOD AND BEVERAGES,26.6,6,7.98,167.58,2019-02-26,15:10:00,EWALLET,159.6,4.761904762,7.98,4.9,Terça-feira
978,156-20-0370,CAIRO,MANDALAY,NORMAL,FEMALE,ELECTRONIC ACCESSORIES,25.45,1,1.2725,26.7225,2019-03-10,18:10:00,CREDIT CARD,25.45,4.761904762,1.2725,5.1,Domingo
979,151-33-7434,CAIRO,MANDALAY,NORMAL,FEMALE,FOOD AND BEVERAGES,67.77,1,3.3885,71.1585,2019-02-04,20:43:00,CREDIT CARD,67.77,4.761904762,3.3885,6.5,Segunda-feira
980,728-47-9078,GIZA,NAYPYITAW,MEMBER,MALE,FOOD AND BEVERAGES,59.59,4,11.918,250.278,2019-01-19,12:46:00,CASH,238.36,4.761904762,11.918,9.8,Sábado
981,809-46-1866,ALEX,YANGON,NORMAL,MALE,HEALTH AND BEAUTY,58.15,4,11.63,244.23,2019-01-23,17:44:00,CASH,232.6,4.761904762,11.63,8.4,Quarta-feira
982,139-32-4183,ALEX,YANGON,MEMBER,FEMALE,SPORTS AND TRAVEL,97.48,9,43.866,921.186,2019-03-14,14:19:00,EWALLET,877.32,4.761904762,43.866,7.4,Quinta-feira
983,148-41-7930,GIZA,NAYPYITAW,NORMAL,MALE,HEALTH AND BEAUTY,99.96,7,34.986,734.706,2019-01-23,10:33:00,CASH,699.72,4.761904762,34.986,6.1,Quarta-feira
984,189-40-5216,GIZA,NAYPYITAW,NORMAL,MALE,ELECTRONIC ACCESSORIES,96.37,7,33.7295,708.3195,2019-01-09,11:40:00,CASH,674.59,4.761904762,33.7295,6.0,Quarta-feira
985,374-38-5555,CAIRO,MANDALAY,NORMAL,FEMALE,FASHION ACCESSORIES,63.71,5,15.9275,334.4775,2019-02-07,19:30:00,EWALLET,318.55,4.761904762,15.9275,8.5,Quinta-feira
986,764-44-8999,CAIRO,MANDALAY,NORMAL,FEMALE,HEALTH AND BEAUTY,14.76,2,1.476,30.996,2019-02-18,14:42:00,EWALLET,29.52,4.761904762,1.476,4.3,Segunda-feira
987,552-44-5977,CAIRO,MANDALAY,MEMBER,MALE,HEALTH AND BEAUTY,62.0,8,24.8,520.8,2019-01-03,19:08:00,CREDIT CARD,496.0,4.761904762,24.8,6.2,Quinta-feira
988,267-62-7380,GIZA,NAYPYITAW,MEMBER,MALE,ELECTRONIC ACCESSORIES,82.34,10,41.17,864.57,2019-03-29,19:12:00,EWALLET,823.4,4.761904762,41.17,4.3,Sexta-feira
989,430-53-4718,CAIRO,MANDALAY,MEMBER,MALE,HEALTH AND BEAUTY,75.37,8,30.148,633.108,2019-01-28,15:46:00,CREDIT CARD,602.96,4.761904762,30.148,8.4,Segunda-feira
990,886-18-2897,ALEX,YANGON,NORMAL,FEMALE,FOOD AND BEVERAGES,56.56,5,14.14,296.94,2019-03-22,19:06:00,CREDIT CARD,282.8,4.761904762,14.14,4.5,Sexta-feira
991,602-16-6955,CAIRO,MANDALAY,NORMAL,FEMALE,SPORTS AND TRAVEL,76.6,10,38.3,804.3,2019-01-24,18:10:00,EWALLET,766.0,4.761904762,38.3,6.0,Quinta-feira
992,745-74-0715,ALEX,YANGON,NORMAL,MALE,ELECTRONIC ACCESSORIES,58.03,2,5.803,121.863,2019-03-10,20:46:00,EWALLET,116.06,4.761904762,5.803,8.8,Domingo
993,690-01-6631,CAIRO,MANDALAY,NORMAL,MALE,FASHION ACCESSORIES,17.49,10,8.745,183.645,2019-02-22,18:35:00,EWALLET,174.9,4.761904762,8.745,6.6,Sexta-feira
994,652-49-6720,GIZA,NAYPYITAW,MEMBER,FEMALE,ELECTRONIC ACCESSORIES,60.95,1,3.0475,63.9975,2019-02-18,11:40:00,EWALLET,60.95,4.761904762,3.0475,5.9,Segunda-feira
995,233-67-5758,GIZA,NAYPYITAW,NORMAL,MALE,HEALTH AND BEAUTY,40.35,1,2.0175,42.3675,2019-01-29,13:46:00,EWALLET,40.35,4.761904762,2.0175,6.2,Terça-feira
996,303-96-2227,CAIRO,MANDALAY,NORMAL,FEMALE,HOME AND LIFESTYLE,97.38,10,48.69,1022.49,2019-03-02,17:16:00,EWALLET,973.8,4.761904762,48.69,4.4,Sábado
997,727-02-1313,ALEX,YANGON,MEMBER,MALE,FOOD AND BEVERAGES,31.84,1,1.592,33.432,2019-02-09,13:22:00,CASH,31.84,4.761904762,1.592,7.7,Sábado
998,347-56-2442,ALEX,YANGON,NORMAL,MALE,HOME AND LIFESTYLE,65.82,1,3.291,69.111,2019-02-22,15:33:00,CASH,65.82,4.761904762,3.291,4.1,Sexta-feira
999,849-09-3807,ALEX,YANGON,MEMBER,FEMALE,FASHION ACCESSORIES,88.34,7,30.919,649.299,2019-02-18,13:28:00,CASH,618.38,4.761904762,30.919,6.6,Segunda-feira
